site,metric,covariate,term,Df,SumOfSqs,R2,F,p,level,label,p_label
oral,bray,Age,Age,1,0.2312674664187293,0.03739839184847304,1.9221925129108448,0.083,genus,Age · oral,
oral,bray,Sex,Sex,1,0.18159649795982705,0.02936607164933269,1.495628147815279,0.167,genus,Sex · oral,
oral,bray,BMI,BMI,1,0.18205254327908005,0.02943981899397305,1.4995092941674872,0.154,genus,BMI · oral,
oral,bray,Smoking,Smoking,1,0.2022616007368061,0.03270783702260459,1.6721502238472024,0.153,genus,Smoking · oral,
oral,bray,Antibiotics_3m,Antibiotics_3m,1,0.07713411349854926,0.01247340080372723,0.623358355207005,0.694,genus,Antibiotics_3m · oral,
oral,bray,Immuno_ongoing,Immuno_ongoing,1,0.08484798312123853,0.01372081499165731,0.6866491251415133,0.615,genus,Immuno_ongoing · oral,
oral,bray,Steroids_ongoing,Steroids_ongoing,1,0.06802537156282096,0.01100042103085158,0.548848352788988,0.712,genus,Steroids_ongoing · oral,
oral,bray,PPI_use,PPI_use,1,0.13309241605778688,0.02152244933049527,1.08650345186472,0.349,genus,PPI_use · oral,
fecal,bray,Age,Age,1,0.32353703553706126,0.01006821553662717,1.7953706736909931,0.057,genus,Age · fecal,
fecal,bray,Sex,Sex,1,0.19634248378551789,0.00611002212611568,1.0839584948929912,0.327,genus,Sex · fecal,
fecal,bray,BMI,BMI,1,0.12530036562695557,0.0038992478430058,0.6897777498147473,0.771,genus,BMI · fecal,
fecal,bray,Smoking,Smoking,1,0.13359041778903347,0.00415722768089092,0.7356594953342386,0.686,genus,Smoking · fecal,
fecal,bray,Antibiotics_3m,Antibiotics_3m,1,0.1607551873189763,0.00500257372968643,0.8862188889640894,0.527,genus,Antibiotics_3m · fecal,
fecal,bray,Immuno_ongoing,Immuno_ongoing,1,0.4263808842761634,0.0132686344129476,2.375968998801459,0.021,genus,Immuno_ongoing · fecal,p=0.021
fecal,bray,Steroids_ongoing,Steroids_ongoing,1,0.2149539989060898,0.00668919769217123,1.1875987814998623,0.252,genus,Steroids_ongoing · fecal,
fecal,bray,PPI_use,PPI_use,1,0.28715153960401807,0.00893592780686899,1.5911154149163818,0.097,genus,PPI_use · fecal,
