feature,logit,rf,svm,xgb,models_support,total_abs
g__Dorea|s__Dorea_sp_AF36_15AT,,,,,,0.4187228246006579
g__GGB9302|s__GGB9302_SGB14263,,,,,,0.30918116015866237
g__Lacrimispora|s__Lacrimispora_amygdalina,,,,,,0.1930818441266487
g__Collinsella|s__Collinsella_aerofaciens,,,,,,0.17683912374273458
g__GGB3619|s__GGB3619_SGB4894,,,,,,0.0721588007903034
g__GGB79630|s__GGB79630_SGB13983,,,,,,0.0693369220927722
g__Streptococcus|s__Streptococcus_salivarius,,,,,,0.0687217971369002
g__GGB9619|s__GGB9619_SGB15067,,,,,,0.0610373935270171
g__Ellagibacter|s__Ellagibacter_isourolithinifaciens,,,,,,0.0589895154899421
g__Blautia|s__Blautia_obeum,,,,,,0.0525462353440062
g__Slackia|s__Slackia_isoflavoniconvertens,,,,,,0.0464311381671964
g__Dorea|s__Dorea_formicigenerans,,,,,,0.0434721370212126
g__Holdemania|s__Holdemania_filiformis,,,,,,0.040412791927434896
g__Alistipes|s__Alistipes_putredinis,,,,,,0.03359992807859
g__GGB9176|s__GGB9176_SGB14114,,,,,,0.0326487750245587
g__Alistipes|s__Alistipes_sp_AF17_16,,,,,,0.0292465011636851
g__Odoribacter|s__Odoribacter_splanchnicus,,,,,,0.0288659167163897
g__GGB9616|s__GGB9616_SGB15051,,,,,,0.0266578908993935
g__Clostridium|s__Clostridium_SGB4750,,,,,,0.0263561144207562
g__GGB3345|s__GGB3345_SGB9340,,,,,,0.026209876247952898
g__Anaerobutyricum|s__Anaerobutyricum_hallii,,,,,,0.023754807781240398
g__Holdemanella|s__Holdemanella_porci,,,,,,0.023129942019418898
g__GGB3033|s__GGB3033_SGB4029,,,,,,0.0224392846997935
g__Blautia|s__Blautia_massiliensis,,,,,,0.0217388855393998
g__Faecalibacillus|s__Faecalibacillus_intestinalis,,,,,,0.0208219455001136
g__GGB9767|s__GGB9767_SGB15385,,,,,,0.0194772899472673
g__Blautia|s__Blautia_wexlerae,,,,,,0.0192051115878525
g__Agathobaculum|s__Agathobaculum_butyriciproducens,,,,,,0.0187298250502098
g__Fusicatenibacter|s__Fusicatenibacter_saccharivorans,,,,,,0.0186762301834402
g__GGB9522|s__GGB9522_SGB14921,,,,,,0.018244353571523198
g__Coprococcus|s__Coprococcus_comes,,,,,,0.0179882945363302
g__GGB33928|s__GGB33928_SGB15225,,,,,,0.0178934825803797
g__Anaerotignum|s__Anaerotignum_faecicola,,,,,,0.01744007224542
g__Butyricimonas|s__Butyricimonas_SGB15260,,,,,,0.016012983964693202
g__Hydrogenoanaerobacterium|s__Hydrogenoanaerobacterium_saccharovorans,,,,,,0.0159823841717227
g__Enterocloster|s__Enterocloster_aldenensis,,,,,,0.015212939952533
g__Clostridium|s__Clostridium_sp_AF34_10BH,,,,,,0.015100147624450999
g__Lachnospira|s__Lachnospira_eligens,,,,,,0.0147491740636373
g__Oscillibacter|s__Oscillibacter_valericigenes,,,,,,0.0147162426361271
g__Clostridium|s__Clostridium_sp_AM49_4BH,,,,,,0.0143773379333413
g__Bacteroides|s__Bacteroides_stercoris,,,,,,0.0143097349391118
g__Waltera|s__Waltera_intestinalis,,,,,,0.0141929609088315
g__Alistipes|s__Alistipes_ihumii,,,,,,0.0140979962620705
g__GGB9261|s__GGB9261_SGB14209,,,,,,0.0138841482985505
g__GGB9760|s__GGB9760_SGB15374,,,,,,0.013704135428590801
g__Parabacteroides|s__Parabacteroides_distasonis,,,,,,0.013308489061660801
g__Anaerostipes|s__Anaerostipes_hadrus,,,,,,0.013279647533359602
g__Phocaeicola|s__Phocaeicola_vulgatus,,,,,,0.013037424619916499
g__Blautia|s__Blautia_glucerasea,,,,,,0.0126144778685122
g__GGB3175|s__GGB3175_SGB4191,,,,,,0.0123670435671244
g__Blautia|s__Blautia_SGB4815,,,,,,0.0122879186299233
g__Alistipes|s__Alistipes_onderdonkii,,,,,,0.0116749829794069
g__Enterocloster|s__Enterocloster_clostridioformis,,,,,,0.0112928328103868
g__Lachnoclostridium|s__Clostridium_symbiosum,,,,,,0.0107855121314943
g__Clostridium|s__Clostridium_sp_AM22_11AC,,,,,,0.0107809226677577
g__Vescimonas|s__Vescimonas_coprocola,,,,,,0.0106958022456571
g__Oscillibacter|s__Oscillibacter_sp_ER4,,,,,,0.0100885990065719
g__Phocaeicola|s__Phocaeicola_massiliensis,,,,,,0.0097474643047519
g__Roseburia|s__Roseburia_inulinivorans,,,,,,0.0097301364304177
g__GGB3321|s__GGB3321_SGB4394,,,,,,0.0096315383851689
g__GGB9524|s__GGB9524_SGB14924,,,,,,0.0094738773554828
g__GGB9092|s__GGB9092_SGB14022,,,,,,0.008752663727349501
g__Victivallis|s__Victivallis_lenta,,,,,,0.0087348616924801
g__GGB9787|s__GGB9787_SGB15410,,,,,,0.008518554273941
g__Blautia|s__Blautia_sp_MSK_20_85,,,,,,0.0084640528910277
g__Actinomyces|s__Actinomyces_sp_ICM47,,,,,,0.0083640732058637
g__Faecalibacterium|s__Faecalibacterium_prausnitzii,,,,,,0.0083297394407189
g__GGB34540|s__GGB34540_SGB54300,,,,,,0.0082040483410021
g__GGB9775|s__GGB9775_SGB15395,,,,,,0.0079535258456651
g__GGB4769|s__GGB4769_SGB6602,,,,,,0.007717624082485899
g__Phocaeicola|s__Phocaeicola_dorei,,,,,,0.0076031552240662
g__Faecalibacterium|s__Faecalibacterium_SGB15315,,,,,,0.0075933553549469
g__Blautia|s__Blautia_faecis,,,,,,0.0075519420413747
g__Bifidobacterium|s__Bifidobacterium_bifidum,,,,,,0.0072733065474326
g__Sutterella|s__Sutterella_wadsworthensis,,,,,,0.0072702956563558
g__Faecalicatena|s__Faecalicatena_fissicatena,,,,,,0.0071637552587701
g__Dorea|s__Dorea_longicatena,,,,,,0.0070911786892504
g__Parabacteroides|s__Parabacteroides_goldsteinii,,,,,,0.006777437759336
g__Ruthenibacterium|s__Ruthenibacterium_lactatiformans,,,,,,0.0067655745346133
g__Barnesiella|s__Barnesiella_intestinihominis,,,,,,0.0067466631993487
g__Streptococcus|s__Streptococcus_parasanguinis,,,,,,0.0067206810682187
g__Mediterraneibacter|s__Ruminococcus_lactaris,,,,,,0.0067089974008125
g__Coprococcus|s__Coprococcus_SGB4669,,,,,,0.0065916676250857
g__Desulfovibrio|s__Desulfovibrio_piger,,,,,,0.0065845387431224004
g__GGB33469|s__GGB33469_SGB15237,,,,,,0.0065103765137055
g__Bacteroides|s__Bacteroides_finegoldii,,,,,,0.0064381076005599
g__Alistipes|s__Alistipes_communis,,,,,,0.0062840056356199
g__Alistipes|s__Alistipes_finegoldii,,,,,,0.0061760258766857005
g__Streptococcus|s__Streptococcus_SGB15012,,,,,,0.0061193562617751
g__Roseburia|s__Roseburia_intestinalis,,,,,,0.0060452362747314
g__GGB9635|s__GGB9635_SGB15106,,,,,,0.0060127403963721
g__Alistipes|s__Alistipes_shahii,,,,,,0.0059968226963856
g__Collinsella|s__Collinsella_bouchesdurhonensis,,,,,,0.0059922304756485
g__GGB9614|s__GGB9614_SGB15049,,,,,,0.0059195628608883005
g__Eubacterium|s__Eubacterium_ramulus,,,,,,0.005847902749383
g__Parasutterella|s__Parasutterella_excrementihominis,,,,,,0.0058409796891388
g__Hungatella|s__Hungatella_hathewayi,,,,,,0.0056633057003788
g__Dysosmobacter|s__Dysosmobacter_welbionis,,,,,,0.0056530978004024
g__Roseburia|s__Roseburia_faecis,,,,,,0.0056504765308811
g__Lachnospira|s__Lachnospira_pectinoschiza,,,,,,0.0055811066601232
g__Bacteroides|s__Bacteroides_ovatus,,,,,,0.0055354760708066
g__GGB9621|s__GGB9621_SGB15073,,,,,,0.0053910407686844
g__Mediterraneibacter|s__Ruminococcus_torques,,,,,,0.0053000295131918
g__GGB9770|s__GGB9770_SGB15390,,,,,,0.0052917381368484
g__Parasutterella|s__Parasutterella_SGB9260,,,,,,0.0050933112888817
g__GGB3537|s__GGB3537_SGB4727,,,,,,0.0050905747127605
g__Intestinibacter|s__Intestinibacter_bartlettii,,,,,,0.0050188787155075
g__GGB9109|s__GGB9109_SGB14042,,,,,,0.004980625473296399
g__Clostridium|s__Clostridium_fessum,,,,,,0.0049497400986216
g__GGB34797|s__GGB34797_SGB14322,,,,,,0.0048897263333292
g__Dialister|s__Dialister_invisus,,,,,,0.0047335193371755
g__Clostridium|s__Clostridium_sp_AF34_13,,,,,,0.0046389032988991
g__Bilophila|s__Bilophila_wadsworthia,,,,,,0.0045854239175266
g__GGB9342|s__GGB9342_SGB14306,,,,,,0.0045382604801701
g__Lacrimispora|s__Lacrimispora_celerecrescens,,,,,,0.0044089195556964
g__Enterocloster|s__Enterocloster_bolteae,,,,,,0.0043051947665694
g__Bacteroides|s__Bacteroides_uniformis,,,,,,0.004274009201532
g__Coprococcus|s__Coprococcus_catus,,,,,,0.004268117161041
g__Bifidobacterium|s__Bifidobacterium_longum,,,,,,0.0042263022268881
g__GGB6518|s__GGB6518_SGB9205,,,,,,0.0042228582435779
g__Clostridium|s__Clostridium_sp_AF36_4,,,,,,0.0040770535822312
g__Oscillibacter|s__Oscillibacter_SGB15077,,,,,,0.0040731064695579
g__Methylobacterium|s__Methylobacterium_SGB15164,,,,,,0.0040137242605251
g__Anaerobutyricum|s__Anaerobutyricum_soehngenii,,,,,,0.0040114596175434
g__GGB3570|s__GGB3570_SGB4777,,,,,,0.0039726521705673
g__Vescimonas|s__Vescimonas_SGB15087,,,,,,0.0039625892518099
g__GGB9063|s__GGB9063_SGB13982,,,,,,0.0039600021468428
g__GGB3304|s__GGB3304_SGB4367,,,,,,0.0038359212157162
g__Eubacterium|s__Eubacterium_ventriosum,,,,,,0.0037499083322643
g__GGB2653|s__GGB2653_SGB3574,,,,,,0.0036777429924328
g__Anaeromassilibacillus|s__Anaeromassilibacillus_sp_An250,,,,,,0.0036724161040611
g__Enterocloster|s__Enterocloster_SGB14313,,,,,,0.0036230345338754
g__Roseburia|s__Roseburia_hominis,,,,,,0.003598740059635
g__Bacteroides|s__Bacteroides_xylanisolvens,,,,,,0.0035460570373355
g__GGB1420|s__GGB1420_SGB1957,,,,,,0.0034947394919394
g__Ruminococcus|s__Ruminococcus_sp_BSD2780120874_150323_B10,,,,,,0.0034883661571538
g__Akkermansia|s__Akkermansia_muciniphila,,,,,,0.0034185928163867
g__GGB14025|s__GGB14025_SGB14906,,,,,,0.0033622382274622
g__Selenomonas|s__Selenomonas_noxia,,,,,,0.0032797392865179
g__Collinsella|s__Collinsella_SGB14861,,,,,,0.0032752102868464
g__GGB9708|s__GGB9708_SGB15234,,,,,,0.0032604252610732
g__Romboutsia|s__Romboutsia_timonensis,,,,,,0.0032385361734383
g__GGB9712|s__GGB9712_SGB15244,,,,,,0.0031264639102183
g__GGB9640|s__GGB9640_SGB15115,,,,,,0.0031199505050079
g__Blautia|s__Blautia_luti,,,,,,0.0030836821591745
g__GGB9634|s__GGB9634_SGB15093,,,,,,0.0030659112742381
g__Parabacteroides|s__Parabacteroides_merdae,,,,,,0.0030530314593932
g__Veillonella|s__Veillonella_dispar,,,,,,0.0030443910598953
g__Flavonifractor|s__Flavonifractor_plautii,,,,,,0.0030324615209463
g__GGB47687|s__GGB47687_SGB2286,,,,,,0.003020852209373
g__GGB33512|s__GGB33512_SGB15203,,,,,,0.0029980117284058
g__Bacteroides|s__Bacteroides_fragilis,,,,,,0.0029658097554504
g__Bacteroides|s__Bacteroides_thetaiotaomicron,,,,,,0.0029617703457041
g__GGB77437|s__GGB77437_SGB9391,,,,,,0.0029402576882301
g__GGB9296|s__GGB9296_SGB14253,,,,,,0.0028188459154436
g__GGB9642|s__GGB9642_SGB15119,,,,,,0.0027378758411034
g__GGB9699|s__GGB9699_SGB15216,,,,,,0.0027146789213916
g__GGB9707|s__GGB9707_SGB15229,,,,,,0.0026543129038122
g__Alistipes|s__Alistipes_dispar,,,,,,0.0024948538424231
g__Roseburia|s__Roseburia_sp_AM16_25,,,,,,0.0024938898728687
g__GGB6612|s__GGB6612_SGB9346,,,,,,0.0024414344850457
g__Gordonibacter|s__Gordonibacter_pamelaeae,,,,,,0.0024298111335449
g__Clostridium|s__Clostridium_sp_AF27_2AA,,,,,,0.0023856766460086
g__Ruminococcus|s__Ruminococcus_bromii,,,,,,0.0023266285715529
g__Bacteroides|s__Bacteroides_cellulosilyticus,,,,,,0.0023019615356809
g__Streptococcus|s__Streptococcus_thermophilus,,,,,,0.0022944234126968
g__Dorea|s__Dorea_sp_AF24_7LB,,,,,,0.0022879745325526
g__GGB3653|s__GGB3653_SGB4964,,,,,,0.0022721583764941998
g__GGB9602|s__GGB9602_SGB15028,,,,,,0.0022651460551669
g__Enterocloster|s__Enterocloster_lavalensis,,,,,,0.0022404409180281
g__GGB80140|s__GGB80140_SGB15224,,,,,,0.0022136364566753
g__Clostridium|s__Clostridium_sp_AF20_17LB,,,,,,0.0021806856562504
g__Butyricimonas|s__Butyricimonas_virosa,,,,,,0.002153428503374
g__GGB9760|s__GGB9760_SGB15373,,,,,,0.0021516378677764
g__Bittarella|s__Bittarella_massiliensis,,,,,,0.0021207168008165
g__GGB9453|s__GGB9453_SGB14844,,,,,,0.0020999387916841
g__Escherichia|s__Escherichia_coli,,,,,,0.0020641970794368
g__GGB9646|s__GGB9646_SGB15123,,,,,,0.0020191956659049
g__GGB9293|s__GGB9293_SGB14250,,,,,,0.0020128138417725
g__GGB9747|s__GGB9747_SGB15356,,,,,,0.0020100134648012
g__Prevotella|s__Prevotella_copri_clade_A,,,,,,0.0019990209212569
g__Fusobacterium|s__Fusobacterium_nucleatum,,,,,,0.0019630546721499
g__Clostridium|s__Clostridium_sp_AM33_3,,,,,,0.0018905673098243
g__GGB3510|s__GGB3510_SGB4687,,,,,,0.001854388002066
g__GGB2998|s__GGB2998_SGB3989,,,,,,0.0018308545946067
g__GGB9602|s__GGB9602_SGB15031,,,,,,0.0018168781895884
g__GGB9110|s__GGB9110_SGB14043,,,,,,0.001771665464442
g__GGB4571|s__GGB4571_SGB6317,,,,,,0.0017469317783042
g__Ruminococcus|s__Ruminococcus_bicirculans,,,,,,0.0017349049505416
g__Coprobacter|s__Coprobacter_fastidiosus,,,,,,0.0017318866207194
g__GGB16040|s__GGB16040_SGB9347,,,,,,0.0017303022770706
g__Actinomyces|s__Actinomyces_dentalis,,,,,,0.0016855864541357
g__Neisseria|s__Neisseria_subflava,,,,,,0.0016295874637558
g__Actinomyces|s__Actinomyces_SGB17154,,,,,,0.0016066282716917
g__Coprococcus|s__Coprococcus_eutactus,,,,,,0.0015678774197673
g__GGB9677|s__GGB9677_SGB15180,,,,,,0.0015188090415738
g__GGB3612|s__GGB3612_SGB4882,,,,,,0.0014954933834661
g__GGB9713|s__GGB9713_SGB15249,,,,,,0.0014469206455047
g__GGB80011|s__GGB80011_SGB15267,,,,,,0.0014459926676222
g__Corynebacterium|s__Corynebacterium_matruchotii,,,,,,0.0014444028446728
g__GGB9117|s__GGB9117_SGB14050,,,,,,0.0014328296748485
g__Bacteroides|s__Bacteroides_caccae,,,,,,0.0013855591074112
g__GGB3256|s__GGB3256_SGB4303,,,,,,0.0013783433191589
g__Candidatus_Cibionibacter|s__Candidatus_Cibionibacter_quicibialis,,,,,,0.0013731243147485
g__Phascolarctobacterium|s__Phascolarctobacterium_faecium,,,,,,0.0013712309000827
g__Lachnospira|s__Lachnospira_sp_NSJ_43,,,,,,0.0013700708606384
g__GGB9627|s__GGB9627_SGB15081,,,,,,0.0013692441566315
g__GGB9759|s__GGB9759_SGB15370,,,,,,0.0013509812470772
g__Oribacterium|s__Oribacterium_sinus,,,,,,0.0013483422718566
g__Paraprevotella|s__Paraprevotella_clara,,,,,,0.0013429282964946
g__GGB9062|s__GGB9062_SGB13981,,,,,,0.0013233209194756
g__GGB9708|s__GGB9708_SGB15233,,,,,,0.0013161401512104
g__GGB12785|s__GGB12785_SGB19823,,,,,,0.0012871707615594
g__Sanguibacter|s__Sanguibacter_SGB15121,,,,,,0.0012281981698033
g__Bifidobacterium|s__Bifidobacterium_adolescentis,,,,,,0.001214611135287
g__Rheinheimera|s__Rheinheimera_SGB14999,,,,,,0.0011858668545652
g__Clostridium|s__Clostridium_sp_1001270H_150608_G6,,,,,,0.0011849980218039
g__GGB9724|s__GGB9724_SGB15278,,,,,,0.0011750447016049
g__Adlercreutzia|s__Adlercreutzia_equolifaciens,,,,,,0.0011724803499636
g__Eubacterium|s__Eubacterium_sp_AF16_48,,,,,,0.0011669067635453
g__Candidatus_Borkfalkia|s__Candidatus_Borkfalkia_ceftriaxoniphila,,,,,,0.0011471694075439
g__Butyricicoccus|s__Butyricicoccus_sp_AM29_23AC,,,,,,0.0011304947101899
g__Roseburia|s__Roseburia_sp_AF02_12,,,,,,0.0011156379512847
g__Lachnoanaerobaculum|s__Lachnoanaerobaculum_sp_ICM7,,,,,,0.0011103230694353
g__GGB13493|s__GGB13493_SGB15238,,,,,,0.0011055968596173
g__Haemophilus|s__Haemophilus_parahaemolyticus,,,,,,0.0010940100073125
g__GGB33469|s__GGB33469_SGB15236,,,,,,0.0010779172497432
g__Alistipes|s__Alistipes_indistinctus,,,,,,0.0010257280656837
g__Bacteroides|s__Bacteroides_eggerthii,,,,,,0.0010064175142621
g__GGB9559|s__GGB9559_SGB14969,,,,,,0.0010017149990037
g__Lancefieldella|s__Lancefieldella_rimae,,,,,,0.0009781401539636
g__GGB9101|s__GGB9101_SGB14033,,,,,,0.0009774069180972
g__GGB9345|s__GGB9345_SGB14311,,,,,,0.0009469112428915
g__Staphylococcus|s__Staphylococcus_SGB6340,,,,,,0.0009139473688599
g__GGB3746|s__GGB3746_SGB5089,,,,,,0.0008869008175517
g__GGB80011|s__GGB80011_SGB15265,,,,,,0.0008811109065619
g__Haemophilus|s__Haemophilus_parainfluenzae,,,,,,0.0008763387760799
g__GGB9758|s__GGB9758_SGB15368,,,,,,0.0008477404668038
g__GGB9618|s__GGB9618_SGB15065,,,,,,0.0008382596276027
g__GGB79734|s__GGB79734_SGB15291,,,,,,0.0008205276615766
g__Ruminococcus|s__Ruminococcus_callidus,,,,,,0.000813838132152
g__GGB3109|s__GGB3109_SGB4643,,,,,,0.0008001395187134
g__Aggregatibacter|s__Aggregatibacter_sp_2125159857,,,,,,0.0007859256283281
g__Butyricimonas|s__Butyricimonas_paravirosa,,,,,,0.0007807130268582
g__GGB9619|s__GGB9619_SGB15066,,,,,,0.0007539659750362
g__Actinomyces|s__Actinomyces_oris,,,,,,0.0007435801430556
g__Alistipes|s__Alistipes_senegalensis,,,,,,0.0007229427293754
g__Capnocytophaga|s__Capnocytophaga_gingivalis,,,,,,0.000718647287572
g__Prevotella|s__Prevotella_oris,,,,,,0.0006949069685006
g__GGB79977|s__GGB79977_SGB1466,,,,,,0.0006936614753837
g__Clostridium|s__Clostridium_SGB4909,,,,,,0.0006603352444983
g__Senegalimassilia|s__Senegalimassilia_anaerobia,,,,,,0.0006602233676975
g__GGB1843|s__GGB1843_SGB2516,,,,,,0.0006590166547135
g__Eggerthella|s__Eggerthella_lenta,,,,,,0.0006506689802982
g__GGB1088|s__GGB1088_SGB1395,,,,,,0.0006498240569968
g__Streptococcus|s__Streptococcus_australis,,,,,,0.0006490837435606
g__Prevotella|s__Prevotella_salivae,,,,,,0.0006486818858282
g__Desulfovibrio|s__Desulfovibrio_SGB5077,,,,,,0.0006424668753532
g__Pseudoflavonifractor|s__Pseudoflavonifractor_sp_An184,,,,,,0.0006178817130377
g__Clostridium|s__Clostridium_butyricum,,,,,,0.0006080110954351
g__GGB45432|s__GGB45432_SGB63101,,,,,,0.0005807896513135
g__Neisseria|s__Neisseria_sp_oral_taxon_014,,,,,,0.0005754141238012
g__Porphyromonas|s__Porphyromonas_endodontalis,,,,,,0.000575205564101
g__GGB9636|s__GGB9636_SGB15107,,,,,,0.000574619085053
g__Faecalibacterium|s__Faecalibacterium_SGB15346,,,,,,0.000519434721554
g__Cutibacterium|s__Cutibacterium_acnes,,,,,,0.0005188865832268
g__Veillonella|s__Veillonella_atypica,,,,,,0.0005184576138975
g__GGB34228|s__GGB34228_SGB72916,,,,,,0.0005085949735252
g__Eubacterium|s__Eubacterium_SGB6276,,,,,,0.0004987271925048
g__GGB9818|s__GGB9818_SGB15459,,,,,,0.0004913008435439
g__Prevotella|s__Prevotella_pallens,,,,,,0.0004885647929347
g__GGB3886|s__GGB3886_SGB5269,,,,,,0.0004520088372473
g__Granulicatella|s__Granulicatella_SGB8255,,,,,,0.0004403749820284
g__Campylobacter|s__Campylobacter_concisus,,,,,,0.0004287212703264
g__Streptococcus|s__Streptococcus_infantis,,,,,,0.0004184927830243
g__Prevotella|s__Prevotella_vespertina,,,,,,0.0004098124098124
g__GGB51647|s__GGB51647_SGB4348,,,,,,0.0004030357785268
g__GGB3887|s__GGB3887_SGB5270,,,,,,0.0003868374032161
g__Stomatobaculum|s__Stomatobaculum_SGB5266,,,,,,0.000365468409586
g__Actinomyces|s__Actinomyces_SGB17163,,,,,,0.0003547529169526
g__Prevotella|s__Prevotella_nanceiensis,,,,,,0.0003362497585342
g__GGB4964|s__GGB4964_SGB6927,,,,,,0.0003287037037037
g__GGB1843|s__GGB1843_SGB2524,,,,,,0.0003242542956007
g__Catonella|s__Catonella_massiliensis,,,,,,0.0003217332147155
g__Streptococcus|s__Streptococcus_mitis,,,,,,0.0003149011482344
g__Selenomonas|s__Selenomonas_SGB5880,,,,,,0.0002990182195789
g__Leptotrichia|s__Leptotrichia_sp_oral_taxon_221,,,,,,0.0002825426605914
g__Stomatobaculum|s__Stomatobaculum_longum,,,,,,0.0002486914831375
g__Victivallis|s__Victivallis_vadensis,,,,,,0.0002473747708408
g__Selenomonas|s__Selenomonas_sputigena,,,,,,0.0002178862526947
g__Actinomyces|s__Actinomyces_SGB17157,,,,,,0.0002170597373252
g__Mediterraneibacter|s__Ruminococcus_gnavus,,,,,,0.0002069119806499
g__Granulicatella|s__Granulicatella_SGB8239,,,,,,0.0002008646653065
g__GGB9641|s__GGB9641_SGB15117,,,,,,0.000198268921095
g__Actinomyces|s__Actinomyces_sp_HMSC035G02,,,,,,0.000195868029143
g__Dysosmobacter|s__Dysosmobacter_sp_BX15,,,,,,0.0001883696393612
g__Leptotrichia|s__Leptotrichia_sp_oral_taxon_215,,,,,,0.0001832217261904
g__Neisseria|s__Neisseria_sicca,,,,,,0.0001545041848457
g__Streptococcus|s__Streptococcus_gordonii,,,,,,0.0001436806087968
g__Streptococcus|s__Streptococcus_cristatus,,,,,,0.0001271194468125
g__Actinomyces|s__Actinomyces_naeslundii,,,,,,0.0001214565004887
g__Oribacterium|s__Oribacterium_asaccharolyticum,,,,,,0.0001109590177534
g__Abiotrophia|s__Abiotrophia_defectiva,,,,,,0.0001041053221063
g__Candidatus_Nanosynsacchari|s__Candidatus_Nanosynsacchari_sp_TM7_ANC_38_39_G1_1,,,,,,9.709975166800404e-05
g__Rothia|s__Rothia_mucilaginosa,,,,,,9.649505325110538e-05
g__GGB10485|s__GGB10485_SGB49305,,,,,,9.47082193795216e-05
g__Prevotella|s__Prevotella_jejuni,,,,,,9.431762395679914e-05
g__Bacteroides|s__Bacteroides_nordii,,,,,,9.248104746954798e-05
g__Megasphaera|s__Megasphaera_micronuciformis,,,,,,9.177048620620127e-05
g__Lautropia|s__Lautropia_mirabilis,,,,,,9.094727998321671e-05
g__GGB1202|s__GGB1202_SGB1567,,,,,,8.55465276093456e-05
g__Prevotella|s__Prevotella_nigrescens,,,,,,8.27446363160645e-05
g__Actinomyces|s__Actinomyces_sp_ph3,,,,,,8.161976911977113e-05
g__Alloprevotella|s__Alloprevotella_SGB1483,,,,,,7.981601731601862e-05
g__Prevotella|s__Prevotella_sp_HJM029,,,,,,2.516388705749683e-17
g__Veillonella|s__Veillonella_parvula,,,,,,1.7991337027411046e-17
g__Mogibacterium|s__Mogibacterium_diversum,,,,,,1.6487058592442932e-17
g__Tannerella|s__Tannerella_serpentiformis,,,,,,1.5239741505299368e-17
g__Streptococcus|s__Streptococcus_sanguinis,,,,,,9.292483240697142e-18
g__Erysipelatoclostridium|s__Erysipelatoclostridium_ramosum,,,,,,3.0723417825887533e-18
g__Oribacterium|s__Oribacterium_SGB5287,,,,,,2.399059757206052e-18
g__Actinomyces|s__Actinomyces_sp_ICM58,,,,,,1.770734582699705e-18
g__Veillonella|s__Veillonella_rogosae,,,,,,1.2117060506891269e-18
g__Streptococcus|s__Streptococcus_vestibularis,,,,,,1.2061430285909281e-18
g__Prevotella|s__Prevotella_histicola,,,,,,1.1880656641549353e-18
g__Haemophilus|s__Haemophilus_haemolyticus,,,,,,6.854456449160136e-19
g__Porphyromonas|s__Porphyromonas_pasteri,,,,,,6.384052575198173e-19
g__Actinomyces|s__Actinomyces_SGB17132,,,,,,5.940328320774677e-19
g__Clostridium|s__Clostridium_SGB4648,,,,,,5.700322840445485e-19
g__Haemophilus|s__Haemophilus_sputorum,,,,,,1.9872597140572938e-19
g__Fusobacterium|s__Fusobacterium_pseudoperiodonticum,,,,,,1.7136141122900391e-19
g__GGB4768|s__GGB4768_SGB6601,,,,,,1.5986646179225845e-19
g__Actinomyces|s__Actinomyces_SGB17168,,,,,,0.0
g__Isoptericola|s__Isoptericola_variabilis,,,,,,0.0
g__Actinomyces|s__Actinomyces_graevenitzii,,,,,,0.0
g__Lachnoanaerobaculum|s__Lachnoanaerobaculum_orale,,,,,,0.0
g__GGB9762|s__GGB9762_SGB15377,,,,,,0.0
g__Granulicatella|s__Granulicatella_adiacens,,,,,,0.0
g__GGB9608|s__GGB9608_SGB15041,,,,,,0.0
g__Rothia|s__Rothia_aeria,,,,,,0.0
g__Lancefieldella|s__Lancefieldella_parvula,,,,,,0.0
g__Streptococcus|s__Streptococcus_oralis,,,,,,0.0
g__Leptotrichia|s__Leptotrichia_wadei,,,,,,0.0
g__Capnocytophaga|s__Capnocytophaga_leadbetteri,,,,,,0.0
g__GGB1144|s__GGB1144_SGB1468,,,,,,0.0
g__Solobacterium|s__Solobacterium_SGB6829,,,,,,0.0
g__Prevotella|s__Prevotella_melaninogenica,,,,,,0.0
g__Alloprevotella|s__Alloprevotella_SGB1484,,,,,,0.0
g__Alloprevotella|s__Alloprevotella_tannerae,,,,,,0.0
g__Prevotella|s__Prevotella_oulorum,,,,,,0.0
g__GGB4538|s__GGB4538_SGB6256,,,,,,0.0
