metric,term,estimate,std.error,statistic,p.value,q.value
Shannon,const,4.379738585623897,0.7413624263730978,5.907688911414767,3.4694037738781247e-09,3.122463396490312e-08
Shannon,Age,-0.004922239502284182,0.007926390354552025,-0.6209938297395867,0.5346036829674097,0.7066342812497657
Shannon,Sex,-0.09392699332624041,0.19391356903838658,-0.4843755586162559,0.6281193611109028,0.7066342812497657
Shannon,BMI,-0.018454828536426878,0.03678389798856675,-0.5017094311799974,0.6158719293920769,0.7066342812497657
Shannon,Smoking,-0.4128619608049936,0.28018853349783734,-1.4735148353534615,0.14061226658208512,0.5751870487423579
Shannon,Antibiotics_3m,0.4753442975914091,0.9569762114769692,0.49671485235539614,0.6193901472635224,0.7066342812497657
Shannon,Immuno_ongoing,0.014512060561508909,0.24828443327619276,0.058449337197735735,0.9533907165140443,0.9533907165140443
Shannon,Steroids_ongoing,-0.1333869409709435,0.21043350789851903,-0.6338674021214766,0.5261673609900097,0.7066342812497657
Shannon,PPI_use,0.2663409686594839,0.20401745472212315,1.3054812835609921,0.19172901624745264,0.5751870487423579
Richness,const,214.76002864056127,88.37715811257817,2.4300399925396086,0.015097156870203398,0.10750956796203655
Richness,Age,-0.5776942096119027,1.1019583704740754,-0.5242432246903954,0.6001093802745093,0.7678562055131767
Richness,Sex,-14.900101439395387,31.013280151672898,-0.48044261576090186,0.6309126978720137,0.7678562055131767
Richness,BMI,-0.039448121148868864,3.5726708313663025,-0.011041633279655561,0.9911902302915722,0.9911902302915722
Richness,Smoking,-39.85525438049002,40.1983947153345,-0.99146382990479,0.32145914566072153,0.5786264621892987
Richness,Antibiotics_3m,57.59023078912296,140.80702940772002,0.40900110620447094,0.6825388493450459,0.7678562055131767
Richness,Immuno_ongoing,42.54401639655878,30.761462481117533,1.3830297055178633,0.16665575768055663,0.37497545478125244
Richness,Steroids_ongoing,-49.97624701379257,29.757678763235845,-1.679440369372351,0.09306625119806673,0.2791987535942002
Richness,PPI_use,58.24927508197907,25.786825037811393,2.2588773529338244,0.023891015102674787,0.10750956796203655
Evenness,const,0.8821404037177982,0.13426954244841396,6.569921872316757,5.0341668885024627e-11,4.5307501996522165e-10
Evenness,Age,-0.0008304363311727261,0.0017527543291303114,-0.4737893482110384,0.6356501311548972,0.7335336975981943
Evenness,Sex,-0.03156683793023543,0.03931158027159752,-0.8029908162466407,0.42198004271666545,0.7335336975981943
Evenness,BMI,-0.004029039433163511,0.006961564285232666,-0.5787548987675338,0.5627545671592467,0.7335336975981943
Evenness,Smoking,-0.05674804467320071,0.041059143416175184,-1.3821049333154112,0.16693948394706604,0.7335336975981943
Evenness,Antibiotics_3m,0.042358448089022324,0.09393284688415682,0.45094394020934025,0.6520299534206171,0.7335336975981943
Evenness,Immuno_ongoing,-0.0389085921336044,0.03975086238397923,-0.9788112710049206,0.3276732396307329,0.7335336975981943
Evenness,Steroids_ongoing,0.023503289199840224,0.035179474805166824,0.6680966481167674,0.504071901303819,0.7335336975981943
Evenness,PPI_use,-0.004684589594514218,0.036435883176091775,-0.12857077106856343,0.8976972956168584,0.8976972956168584
