taxon,pretty_taxon,test,stat,p,delta_clr,n_1,n_0,q
g__Abiotrophia|s__Abiotrophia_defectiva,s  Abiotrophia defectiva,MWU_Oral,839.0,7.619524728034907e-05,-1.1564836846534057,41,74,9.254163251004333e-05
g__Actinomyces|s__Actinomyces_SGB17132,s  Actinomyces SGB17132,MWU_Oral,2606.0,2.0710687192235346e-10,5.126680016551124,41,74,6.608592004067825e-09
g__Actinomyces|s__Actinomyces_SGB17154,s  Actinomyces SGB17154,MWU_Oral,2105.0,0.0006023947705789479,4.522782801459218,41,74,0.000711921092502393
g__Actinomyces|s__Actinomyces_SGB17157,s  Actinomyces SGB17157,MWU_Oral,1229.0,0.09319650853792093,0.022816932911445265,41,74,0.09942849391127734
g__Actinomyces|s__Actinomyces_SGB17163,s  Actinomyces SGB17163,MWU_Oral,2076.0,0.0011094298125783626,2.911488161997078,41,74,0.001298032880716684
g__Actinomyces|s__Actinomyces_SGB17168,s  Actinomyces SGB17168,MWU_Oral,1209.0,0.0725651551471542,1.117501072329182,41,74,0.07812996765843903
g__Actinomyces|s__Actinomyces_dentalis,s  Actinomyces dentalis,MWU_Oral,1758.0,0.16022084801499925,1.511594088637255,41,74,0.169390113413448
g__Actinomyces|s__Actinomyces_graevenitzii,s  Actinomyces graevenitzii,MWU_Oral,2536.0,2.7271491652602463e-09,5.083367071991908,41,74,6.837352550045331e-08
g__Actinomyces|s__Actinomyces_naeslundii,s  Actinomyces naeslundii,MWU_Oral,1428.0,0.6053168763169995,0.9242557174697925,41,74,0.6158441263399038
g__Actinomyces|s__Actinomyces_oris,s  Actinomyces oris,MWU_Oral,768.0,1.2387941864542173e-05,-2.2963890103453455,41,74,1.5310449276247543e-05
g__Actinomyces|s__Actinomyces_sp_HMSC035G02,s  Actinomyces sp HMSC035G02,MWU_Oral,1548.0,0.858647739829539,1.793167865437875,41,74,0.8586477398295389
g__Actinomyces|s__Actinomyces_sp_ICM47,s  Actinomyces sp ICM47,MWU_Oral,2476.0,2.1824427225088733e-08,4.809111094358818,41,74,1.174633014462373e-07
g__Actinomyces|s__Actinomyces_sp_ICM58,s  Actinomyces sp ICM58,MWU_Oral,1892.0,0.028758378934180505,3.4525728783253165,41,74,0.03174273901225584
g__Actinomyces|s__Actinomyces_sp_ph3,s  Actinomyces sp ph3,MWU_Oral,2650.0,3.7685934640866496e-11,5.2569629829377895,41,74,1.4697514509937935e-09
g__Adlercreutzia|s__Adlercreutzia_equolifaciens,s  Adlercreutzia equolifaciens,MWU_Oral,601.0,9.002173244740123e-08,-0.47351703614595286,41,74,1.174633014462373e-07
g__Agathobaculum|s__Agathobaculum_butyriciproducens,s  Agathobaculum butyriciproducens,MWU_Oral,601.0,9.002173244740123e-08,-0.47351703614595286,41,74,1.174633014462373e-07
g__Aggregatibacter|s__Aggregatibacter_sp_2125159857,s  Aggregatibacter sp 2125159857,MWU_Oral,777.0,1.5738292687339674e-05,-2.316309966781113,41,74,1.931517738900778e-05
g__Akkermansia|s__Akkermansia_muciniphila,s  Akkermansia muciniphila,MWU_Oral,601.0,9.002173244740123e-08,-0.47351703614595286,41,74,1.174633014462373e-07
g__Alistipes|s__Alistipes_communis,s  Alistipes communis,MWU_Oral,601.0,9.002173244740123e-08,-0.47351703614595286,41,74,1.174633014462373e-07
g__Alistipes|s__Alistipes_dispar,s  Alistipes dispar,MWU_Oral,601.0,9.002173244740123e-08,-0.47351703614595286,41,74,1.174633014462373e-07
g__Alistipes|s__Alistipes_finegoldii,s  Alistipes finegoldii,MWU_Oral,601.0,9.002173244740123e-08,-0.47351703614595286,41,74,1.174633014462373e-07
g__Alistipes|s__Alistipes_ihumii,s  Alistipes ihumii,MWU_Oral,601.0,9.002173244740123e-08,-0.47351703614595286,41,74,1.174633014462373e-07
g__Alistipes|s__Alistipes_indistinctus,s  Alistipes indistinctus,MWU_Oral,601.0,9.002173244740123e-08,-0.47351703614595286,41,74,1.174633014462373e-07
g__Alistipes|s__Alistipes_onderdonkii,s  Alistipes onderdonkii,MWU_Oral,601.0,9.002173244740123e-08,-0.47351703614595286,41,74,1.174633014462373e-07
g__Alistipes|s__Alistipes_putredinis,s  Alistipes putredinis,MWU_Oral,601.0,9.002173244740123e-08,-0.47351703614595286,41,74,1.174633014462373e-07
g__Alistipes|s__Alistipes_senegalensis,s  Alistipes senegalensis,MWU_Oral,601.0,9.002173244740123e-08,-0.47351703614595286,41,74,1.174633014462373e-07
g__Alistipes|s__Alistipes_shahii,s  Alistipes shahii,MWU_Oral,601.0,9.002173244740123e-08,-0.47351703614595286,41,74,1.174633014462373e-07
g__Alistipes|s__Alistipes_sp_AF17_16,s  Alistipes sp AF17 16,MWU_Oral,601.0,9.002173244740123e-08,-0.47351703614595286,41,74,1.174633014462373e-07
g__Alloprevotella|s__Alloprevotella_SGB1483,s  Alloprevotella SGB1483,MWU_Oral,1690.0,0.31380834019536097,2.250799427877079,41,74,0.3239609629663874
g__Alloprevotella|s__Alloprevotella_SGB1484,s  Alloprevotella SGB1484,MWU_Oral,1843.0,0.05734633266877297,2.791492159141378,41,74,0.06212519372450404
g__Alloprevotella|s__Alloprevotella_tannerae,s  Alloprevotella tannerae,MWU_Oral,850.0,9.949046241751431e-05,-0.9587195074400092,41,74,0.00012041776658119836
g__Anaerobutyricum|s__Anaerobutyricum_hallii,s  Anaerobutyricum hallii,MWU_Oral,601.0,9.002173244740123e-08,-0.47351703614595286,41,74,1.174633014462373e-07
g__Anaerobutyricum|s__Anaerobutyricum_soehngenii,s  Anaerobutyricum soehngenii,MWU_Oral,601.0,9.002173244740123e-08,-0.47351703614595286,41,74,1.174633014462373e-07
g__Anaeromassilibacillus|s__Anaeromassilibacillus_sp_An250,s  Anaeromassilibacillus sp An250,MWU_Oral,601.0,9.002173244740123e-08,-0.47351703614595286,41,74,1.174633014462373e-07
g__Anaerostipes|s__Anaerostipes_hadrus,s  Anaerostipes hadrus,MWU_Oral,601.0,9.002173244740123e-08,-0.47351703614595286,41,74,1.174633014462373e-07
g__Anaerotignum|s__Anaerotignum_faecicola,s  Anaerotignum faecicola,MWU_Oral,601.0,9.002173244740123e-08,-0.47351703614595286,41,74,1.174633014462373e-07
g__Bacteroides|s__Bacteroides_caccae,s  Bacteroides caccae,MWU_Oral,601.0,9.002173244740123e-08,-0.47351703614595286,41,74,1.174633014462373e-07
g__Bacteroides|s__Bacteroides_cellulosilyticus,s  Bacteroides cellulosilyticus,MWU_Oral,601.0,9.002173244740123e-08,-0.47351703614595286,41,74,1.174633014462373e-07
g__Bacteroides|s__Bacteroides_eggerthii,s  Bacteroides eggerthii,MWU_Oral,601.0,9.002173244740123e-08,-0.47351703614595286,41,74,1.174633014462373e-07
g__Bacteroides|s__Bacteroides_finegoldii,s  Bacteroides finegoldii,MWU_Oral,601.0,9.002173244740123e-08,-0.47351703614595286,41,74,1.174633014462373e-07
g__Bacteroides|s__Bacteroides_fragilis,s  Bacteroides fragilis,MWU_Oral,601.0,9.002173244740123e-08,-0.47351703614595286,41,74,1.174633014462373e-07
g__Bacteroides|s__Bacteroides_nordii,s  Bacteroides nordii,MWU_Oral,601.0,9.002173244740123e-08,-0.47351703614595286,41,74,1.174633014462373e-07
g__Bacteroides|s__Bacteroides_ovatus,s  Bacteroides ovatus,MWU_Oral,601.0,9.002173244740123e-08,-0.47351703614595286,41,74,1.174633014462373e-07
g__Bacteroides|s__Bacteroides_stercoris,s  Bacteroides stercoris,MWU_Oral,601.0,9.002173244740123e-08,-0.47351703614595286,41,74,1.174633014462373e-07
g__Bacteroides|s__Bacteroides_thetaiotaomicron,s  Bacteroides thetaiotaomicron,MWU_Oral,601.0,9.002173244740123e-08,-0.47351703614595286,41,74,1.174633014462373e-07
g__Bacteroides|s__Bacteroides_uniformis,s  Bacteroides uniformis,MWU_Oral,601.0,9.002173244740123e-08,-0.47351703614595286,41,74,1.174633014462373e-07
g__Bacteroides|s__Bacteroides_xylanisolvens,s  Bacteroides xylanisolvens,MWU_Oral,601.0,9.002173244740123e-08,-0.47351703614595286,41,74,1.174633014462373e-07
g__Barnesiella|s__Barnesiella_intestinihominis,s  Barnesiella intestinihominis,MWU_Oral,601.0,9.002173244740123e-08,-0.47351703614595286,41,74,1.174633014462373e-07
g__Bifidobacterium|s__Bifidobacterium_adolescentis,s  Bifidobacterium adolescentis,MWU_Oral,601.0,9.002173244740123e-08,-0.47351703614595286,41,74,1.174633014462373e-07
g__Bifidobacterium|s__Bifidobacterium_bifidum,s  Bifidobacterium bifidum,MWU_Oral,601.0,9.002173244740123e-08,-0.47351703614595286,41,74,1.174633014462373e-07
g__Bifidobacterium|s__Bifidobacterium_longum,s  Bifidobacterium longum,MWU_Oral,601.0,9.002173244740123e-08,-0.47351703614595286,41,74,1.174633014462373e-07
g__Bilophila|s__Bilophila_wadsworthia,s  Bilophila wadsworthia,MWU_Oral,601.0,9.002173244740123e-08,-0.47351703614595286,41,74,1.174633014462373e-07
g__Bittarella|s__Bittarella_massiliensis,s  Bittarella massiliensis,MWU_Oral,601.0,9.002173244740123e-08,-0.47351703614595286,41,74,1.174633014462373e-07
g__Blautia|s__Blautia_SGB4815,s  Blautia SGB4815,MWU_Oral,601.0,9.002173244740123e-08,-0.47351703614595286,41,74,1.174633014462373e-07
g__Blautia|s__Blautia_faecis,s  Blautia faecis,MWU_Oral,601.0,9.002173244740123e-08,-0.47351703614595286,41,74,1.174633014462373e-07
g__Blautia|s__Blautia_glucerasea,s  Blautia glucerasea,MWU_Oral,601.0,9.002173244740123e-08,-0.47351703614595286,41,74,1.174633014462373e-07
g__Blautia|s__Blautia_luti,s  Blautia luti,MWU_Oral,601.0,9.002173244740123e-08,-0.47351703614595286,41,74,1.174633014462373e-07
g__Blautia|s__Blautia_massiliensis,s  Blautia massiliensis,MWU_Oral,601.0,9.002173244740123e-08,-0.47351703614595286,41,74,1.174633014462373e-07
g__Blautia|s__Blautia_obeum,s  Blautia obeum,MWU_Oral,601.0,9.002173244740123e-08,-0.47351703614595286,41,74,1.174633014462373e-07
g__Blautia|s__Blautia_sp_MSK_20_85,s  Blautia sp MSK 20 85,MWU_Oral,601.0,9.002173244740123e-08,-0.47351703614595286,41,74,1.174633014462373e-07
g__Blautia|s__Blautia_wexlerae,s  Blautia wexlerae,MWU_Oral,601.0,9.002173244740123e-08,-0.47351703614595286,41,74,1.174633014462373e-07
g__Butyricicoccus|s__Butyricicoccus_sp_AM29_23AC,s  Butyricicoccus sp AM29 23AC,MWU_Oral,601.0,9.002173244740123e-08,-0.47351703614595286,41,74,1.174633014462373e-07
g__Butyricimonas|s__Butyricimonas_SGB15260,s  Butyricimonas SGB15260,MWU_Oral,601.0,9.002173244740123e-08,-0.47351703614595286,41,74,1.174633014462373e-07
g__Butyricimonas|s__Butyricimonas_paravirosa,s  Butyricimonas paravirosa,MWU_Oral,601.0,9.002173244740123e-08,-0.47351703614595286,41,74,1.174633014462373e-07
g__Butyricimonas|s__Butyricimonas_virosa,s  Butyricimonas virosa,MWU_Oral,601.0,9.002173244740123e-08,-0.47351703614595286,41,74,1.174633014462373e-07
g__Campylobacter|s__Campylobacter_concisus,s  Campylobacter concisus,MWU_Oral,2211.0,5.1329422645373034e-05,3.2202757262549,41,74,6.255773384904839e-05
g__Candidatus_Borkfalkia|s__Candidatus_Borkfalkia_ceftriaxoniphila,s  Candidatus Borkfalkia ceftriaxoniphila,MWU_Oral,601.0,9.002173244740123e-08,-0.47351703614595286,41,74,1.174633014462373e-07
g__Candidatus_Cibionibacter|s__Candidatus_Cibionibacter_quicibialis,s  Candidatus Cibionibacter quicibialis,MWU_Oral,601.0,9.002173244740123e-08,-0.47351703614595286,41,74,1.174633014462373e-07
g__Candidatus_Nanosynsacchari|s__Candidatus_Nanosynsacchari_sp_TM7_ANC_38_39_G1_1,s  Candidatus Nanosynsacchari sp TM7 ANC 38 39 G1 1,MWU_Oral,1418.0,0.5651818424577315,0.20711821291866783,41,74,0.5783639262468331
g__Capnocytophaga|s__Capnocytophaga_gingivalis,s  Capnocytophaga gingivalis,MWU_Oral,1168.0,0.04185454636840948,-0.2931942215523886,41,74,0.04562405520283146
g__Capnocytophaga|s__Capnocytophaga_leadbetteri,s  Capnocytophaga leadbetteri,MWU_Oral,916.0,0.00045413774938652464,-1.2692738272927824,41,74,0.0005385214528198316
g__Catonella|s__Catonella_massiliensis,s  Catonella massiliensis,MWU_Oral,1792.0,0.10896507922099491,2.057285070070011,41,74,0.11589922062596732
g__Clostridium|s__Clostridium_SGB4648,s  Clostridium SGB4648,MWU_Oral,601.0,9.002173244740123e-08,-0.47351703614595286,41,74,1.174633014462373e-07
g__Clostridium|s__Clostridium_SGB4750,s  Clostridium SGB4750,MWU_Oral,601.0,9.002173244740123e-08,-0.47351703614595286,41,74,1.174633014462373e-07
g__Clostridium|s__Clostridium_SGB4909,s  Clostridium SGB4909,MWU_Oral,601.0,9.002173244740123e-08,-0.47351703614595286,41,74,1.174633014462373e-07
g__Clostridium|s__Clostridium_butyricum,s  Clostridium butyricum,MWU_Oral,601.0,9.002173244740123e-08,-0.47351703614595286,41,74,1.174633014462373e-07
g__Clostridium|s__Clostridium_fessum,s  Clostridium fessum,MWU_Oral,601.0,9.002173244740123e-08,-0.47351703614595286,41,74,1.174633014462373e-07
g__Clostridium|s__Clostridium_sp_1001270H_150608_G6,s  Clostridium sp 1001270H 150608 G6,MWU_Oral,601.0,9.002173244740123e-08,-0.47351703614595286,41,74,1.174633014462373e-07
g__Clostridium|s__Clostridium_sp_AF20_17LB,s  Clostridium sp AF20 17LB,MWU_Oral,601.0,9.002173244740123e-08,-0.47351703614595286,41,74,1.174633014462373e-07
g__Clostridium|s__Clostridium_sp_AF27_2AA,s  Clostridium sp AF27 2AA,MWU_Oral,601.0,9.002173244740123e-08,-0.47351703614595286,41,74,1.174633014462373e-07
g__Clostridium|s__Clostridium_sp_AF34_10BH,s  Clostridium sp AF34 10BH,MWU_Oral,601.0,9.002173244740123e-08,-0.47351703614595286,41,74,1.174633014462373e-07
g__Clostridium|s__Clostridium_sp_AF34_13,s  Clostridium sp AF34 13,MWU_Oral,601.0,9.002173244740123e-08,-0.47351703614595286,41,74,1.174633014462373e-07
g__Clostridium|s__Clostridium_sp_AF36_4,s  Clostridium sp AF36 4,MWU_Oral,601.0,9.002173244740123e-08,-0.47351703614595286,41,74,1.174633014462373e-07
g__Clostridium|s__Clostridium_sp_AM22_11AC,s  Clostridium sp AM22 11AC,MWU_Oral,601.0,9.002173244740123e-08,-0.47351703614595286,41,74,1.174633014462373e-07
g__Clostridium|s__Clostridium_sp_AM33_3,s  Clostridium sp AM33 3,MWU_Oral,601.0,9.002173244740123e-08,-0.47351703614595286,41,74,1.174633014462373e-07
g__Clostridium|s__Clostridium_sp_AM49_4BH,s  Clostridium sp AM49 4BH,MWU_Oral,601.0,9.002173244740123e-08,-0.47351703614595286,41,74,1.174633014462373e-07
g__Collinsella|s__Collinsella_SGB14861,s  Collinsella SGB14861,MWU_Oral,601.0,9.002173244740123e-08,-0.47351703614595286,41,74,1.174633014462373e-07
g__Collinsella|s__Collinsella_aerofaciens,s  Collinsella aerofaciens,MWU_Oral,601.0,9.002173244740123e-08,-0.47351703614595286,41,74,1.174633014462373e-07
g__Collinsella|s__Collinsella_bouchesdurhonensis,s  Collinsella bouchesdurhonensis,MWU_Oral,601.0,9.002173244740123e-08,-0.47351703614595286,41,74,1.174633014462373e-07
g__Coprobacter|s__Coprobacter_fastidiosus,s  Coprobacter fastidiosus,MWU_Oral,601.0,9.002173244740123e-08,-0.47351703614595286,41,74,1.174633014462373e-07
g__Coprococcus|s__Coprococcus_SGB4669,s  Coprococcus SGB4669,MWU_Oral,601.0,9.002173244740123e-08,-0.47351703614595286,41,74,1.174633014462373e-07
g__Coprococcus|s__Coprococcus_catus,s  Coprococcus catus,MWU_Oral,601.0,9.002173244740123e-08,-0.47351703614595286,41,74,1.174633014462373e-07
g__Coprococcus|s__Coprococcus_comes,s  Coprococcus comes,MWU_Oral,601.0,9.002173244740123e-08,-0.47351703614595286,41,74,1.174633014462373e-07
g__Coprococcus|s__Coprococcus_eutactus,s  Coprococcus eutactus,MWU_Oral,601.0,9.002173244740123e-08,-0.47351703614595286,41,74,1.174633014462373e-07
g__Corynebacterium|s__Corynebacterium_matruchotii,s  Corynebacterium matruchotii,MWU_Oral,1639.0,0.4780368323621115,0.9287131689330811,41,74,0.49205550779795054
g__Cutibacterium|s__Cutibacterium_acnes,s  Cutibacterium acnes,MWU_Oral,689.0,1.3520666611594303e-06,-1.6204100680069293,41,74,1.7071057484423022e-06
g__Desulfovibrio|s__Desulfovibrio_SGB5077,s  Desulfovibrio SGB5077,MWU_Oral,601.0,9.002173244740123e-08,-0.47351703614595286,41,74,1.174633014462373e-07
g__Desulfovibrio|s__Desulfovibrio_piger,s  Desulfovibrio piger,MWU_Oral,601.0,9.002173244740123e-08,-0.47351703614595286,41,74,1.174633014462373e-07
g__Dialister|s__Dialister_invisus,s  Dialister invisus,MWU_Oral,1159.0,0.036841484397475414,0.10094748156305591,41,74,0.04028461378041704
g__Dorea|s__Dorea_formicigenerans,s  Dorea formicigenerans,MWU_Oral,601.0,9.002173244740123e-08,-0.47351703614595286,41,74,1.174633014462373e-07
g__Dorea|s__Dorea_longicatena,s  Dorea longicatena,MWU_Oral,601.0,9.002173244740123e-08,-0.47351703614595286,41,74,1.174633014462373e-07
g__Dorea|s__Dorea_sp_AF24_7LB,s  Dorea sp AF24 7LB,MWU_Oral,601.0,9.002173244740123e-08,-0.47351703614595286,41,74,1.174633014462373e-07
g__Dorea|s__Dorea_sp_AF36_15AT,s  Dorea sp AF36 15AT,MWU_Oral,601.0,9.002173244740123e-08,-0.47351703614595286,41,74,1.174633014462373e-07
g__Dysosmobacter|s__Dysosmobacter_sp_BX15,s  Dysosmobacter sp BX15,MWU_Oral,601.0,9.002173244740123e-08,-0.47351703614595286,41,74,1.174633014462373e-07
g__Dysosmobacter|s__Dysosmobacter_welbionis,s  Dysosmobacter welbionis,MWU_Oral,601.0,9.002173244740123e-08,-0.47351703614595286,41,74,1.174633014462373e-07
g__Eggerthella|s__Eggerthella_lenta,s  Eggerthella lenta,MWU_Oral,601.0,9.002173244740123e-08,-0.47351703614595286,41,74,1.174633014462373e-07
g__Ellagibacter|s__Ellagibacter_isourolithinifaciens,s  Ellagibacter isourolithinifaciens,MWU_Oral,601.0,9.002173244740123e-08,-0.47351703614595286,41,74,1.174633014462373e-07
g__Enterocloster|s__Enterocloster_SGB14313,s  Enterocloster SGB14313,MWU_Oral,601.0,9.002173244740123e-08,-0.47351703614595286,41,74,1.174633014462373e-07
g__Enterocloster|s__Enterocloster_aldenensis,s  Enterocloster aldenensis,MWU_Oral,601.0,9.002173244740123e-08,-0.47351703614595286,41,74,1.174633014462373e-07
g__Enterocloster|s__Enterocloster_bolteae,s  Enterocloster bolteae,MWU_Oral,601.0,9.002173244740123e-08,-0.47351703614595286,41,74,1.174633014462373e-07
g__Enterocloster|s__Enterocloster_clostridioformis,s  Enterocloster clostridioformis,MWU_Oral,601.0,9.002173244740123e-08,-0.47351703614595286,41,74,1.174633014462373e-07
g__Enterocloster|s__Enterocloster_lavalensis,s  Enterocloster lavalensis,MWU_Oral,601.0,9.002173244740123e-08,-0.47351703614595286,41,74,1.174633014462373e-07
g__Erysipelatoclostridium|s__Erysipelatoclostridium_ramosum,s  Erysipelatoclostridium ramosum,MWU_Oral,601.0,9.002173244740123e-08,-0.47351703614595286,41,74,1.174633014462373e-07
g__Escherichia|s__Escherichia_coli,s  Escherichia coli,MWU_Oral,601.0,9.002173244740123e-08,-0.47351703614595286,41,74,1.174633014462373e-07
g__Eubacterium|s__Eubacterium_SGB6276,s  Eubacterium SGB6276,MWU_Oral,601.0,9.002173244740123e-08,-0.47351703614595286,41,74,1.174633014462373e-07
g__Eubacterium|s__Eubacterium_ramulus,s  Eubacterium ramulus,MWU_Oral,601.0,9.002173244740123e-08,-0.47351703614595286,41,74,1.174633014462373e-07
g__Eubacterium|s__Eubacterium_sp_AF16_48,s  Eubacterium sp AF16 48,MWU_Oral,601.0,9.002173244740123e-08,-0.47351703614595286,41,74,1.174633014462373e-07
g__Eubacterium|s__Eubacterium_ventriosum,s  Eubacterium ventriosum,MWU_Oral,601.0,9.002173244740123e-08,-0.47351703614595286,41,74,1.174633014462373e-07
g__Faecalibacillus|s__Faecalibacillus_intestinalis,s  Faecalibacillus intestinalis,MWU_Oral,601.0,9.002173244740123e-08,-0.47351703614595286,41,74,1.174633014462373e-07
g__Faecalibacterium|s__Faecalibacterium_SGB15315,s  Faecalibacterium SGB15315,MWU_Oral,601.0,9.002173244740123e-08,-0.47351703614595286,41,74,1.174633014462373e-07
g__Faecalibacterium|s__Faecalibacterium_SGB15346,s  Faecalibacterium SGB15346,MWU_Oral,601.0,9.002173244740123e-08,-0.47351703614595286,41,74,1.174633014462373e-07
g__Faecalibacterium|s__Faecalibacterium_prausnitzii,s  Faecalibacterium prausnitzii,MWU_Oral,601.0,9.002173244740123e-08,-0.47351703614595286,41,74,1.174633014462373e-07
g__Faecalicatena|s__Faecalicatena_fissicatena,s  Faecalicatena fissicatena,MWU_Oral,601.0,9.002173244740123e-08,-0.47351703614595286,41,74,1.174633014462373e-07
g__Flavonifractor|s__Flavonifractor_plautii,s  Flavonifractor plautii,MWU_Oral,601.0,9.002173244740123e-08,-0.47351703614595286,41,74,1.174633014462373e-07
g__Fusicatenibacter|s__Fusicatenibacter_saccharivorans,s  Fusicatenibacter saccharivorans,MWU_Oral,601.0,9.002173244740123e-08,-0.47351703614595286,41,74,1.174633014462373e-07
g__Fusobacterium|s__Fusobacterium_nucleatum,s  Fusobacterium nucleatum,MWU_Oral,1038.0,0.005205076393384693,-1.6445826835730388,41,74,0.005990104308452549
g__Fusobacterium|s__Fusobacterium_pseudoperiodonticum,s  Fusobacterium pseudoperiodonticum,MWU_Oral,619.0,1.599790869171495e-07,-3.315394840512042,41,74,2.0568739746490647e-07
g__GGB10485|s__GGB10485_SGB49305,s  GGB10485 SGB49305,MWU_Oral,945.0,0.0008465548390721279,-1.6791722766028365,41,74,0.0009971166057527413
g__GGB1088|s__GGB1088_SGB1395,s  GGB1088 SGB1395,MWU_Oral,629.0,2.1917121109095622e-07,-1.8633963954482522,41,74,2.8076312077710087e-07
g__GGB1144|s__GGB1144_SGB1468,s  GGB1144 SGB1468,MWU_Oral,2527.0,3.754103461556052e-09,5.44072636038421,41,74,8.784602100041162e-08
g__GGB1202|s__GGB1202_SGB1567,s  GGB1202 SGB1567,MWU_Oral,2168.0,0.00014563088318650638,3.6193708297219453,41,74,0.00017565786941052831
g__GGB12785|s__GGB12785_SGB19823,s  GGB12785 SGB19823,MWU_Oral,1971.0,0.00809503221180131,2.821341704005047,41,74,0.009225182812799545
g__GGB13493|s__GGB13493_SGB15238,s  GGB13493 SGB15238,MWU_Oral,601.0,9.002173244740123e-08,-0.47351703614595286,41,74,1.174633014462373e-07
g__GGB14025|s__GGB14025_SGB14906,s  GGB14025 SGB14906,MWU_Oral,601.0,9.002173244740123e-08,-0.47351703614595286,41,74,1.174633014462373e-07
g__GGB1420|s__GGB1420_SGB1957,s  GGB1420 SGB1957,MWU_Oral,601.0,9.002173244740123e-08,-0.47351703614595286,41,74,1.174633014462373e-07
g__GGB16040|s__GGB16040_SGB9347,s  GGB16040 SGB9347,MWU_Oral,601.0,9.002173244740123e-08,-0.47351703614595286,41,74,1.174633014462373e-07
g__GGB1843|s__GGB1843_SGB2516,s  GGB1843 SGB2516,MWU_Oral,352.0,1.0479644176628536e-11,-2.881871802945427,41,74,5.698108294867315e-10
g__GGB1843|s__GGB1843_SGB2524,s  GGB1843 SGB2524,MWU_Oral,903.0,0.00034051292485717566,-1.6156894949568517,41,74,0.0004051526665249785
g__GGB2653|s__GGB2653_SGB3574,s  GGB2653 SGB3574,MWU_Oral,601.0,9.002173244740123e-08,-0.47351703614595286,41,74,1.174633014462373e-07
g__GGB2998|s__GGB2998_SGB3989,s  GGB2998 SGB3989,MWU_Oral,601.0,9.002173244740123e-08,-0.47351703614595286,41,74,1.174633014462373e-07
g__GGB3033|s__GGB3033_SGB4029,s  GGB3033 SGB4029,MWU_Oral,601.0,9.002173244740123e-08,-0.47351703614595286,41,74,1.174633014462373e-07
g__GGB3109|s__GGB3109_SGB4643,s  GGB3109 SGB4643,MWU_Oral,601.0,9.002173244740123e-08,-0.47351703614595286,41,74,1.174633014462373e-07
g__GGB3175|s__GGB3175_SGB4191,s  GGB3175 SGB4191,MWU_Oral,601.0,9.002173244740123e-08,-0.47351703614595286,41,74,1.174633014462373e-07
g__GGB3256|s__GGB3256_SGB4303,s  GGB3256 SGB4303,MWU_Oral,601.0,9.002173244740123e-08,-0.47351703614595286,41,74,1.174633014462373e-07
g__GGB3304|s__GGB3304_SGB4367,s  GGB3304 SGB4367,MWU_Oral,601.0,9.002173244740123e-08,-0.47351703614595286,41,74,1.174633014462373e-07
g__GGB3321|s__GGB3321_SGB4394,s  GGB3321 SGB4394,MWU_Oral,601.0,9.002173244740123e-08,-0.47351703614595286,41,74,1.174633014462373e-07
g__GGB3345|s__GGB3345_SGB9340,s  GGB3345 SGB9340,MWU_Oral,601.0,9.002173244740123e-08,-0.47351703614595286,41,74,1.174633014462373e-07
g__GGB33469|s__GGB33469_SGB15236,s  GGB33469 SGB15236,MWU_Oral,601.0,9.002173244740123e-08,-0.47351703614595286,41,74,1.174633014462373e-07
g__GGB33469|s__GGB33469_SGB15237,s  GGB33469 SGB15237,MWU_Oral,601.0,9.002173244740123e-08,-0.47351703614595286,41,74,1.174633014462373e-07
g__GGB33512|s__GGB33512_SGB15203,s  GGB33512 SGB15203,MWU_Oral,601.0,9.002173244740123e-08,-0.47351703614595286,41,74,1.174633014462373e-07
g__GGB33928|s__GGB33928_SGB15225,s  GGB33928 SGB15225,MWU_Oral,601.0,9.002173244740123e-08,-0.47351703614595286,41,74,1.174633014462373e-07
g__GGB34228|s__GGB34228_SGB72916,s  GGB34228 SGB72916,MWU_Oral,601.0,9.002173244740123e-08,-0.47351703614595286,41,74,1.174633014462373e-07
g__GGB34540|s__GGB34540_SGB54300,s  GGB34540 SGB54300,MWU_Oral,601.0,9.002173244740123e-08,-0.47351703614595286,41,74,1.174633014462373e-07
g__GGB34797|s__GGB34797_SGB14322,s  GGB34797 SGB14322,MWU_Oral,601.0,9.002173244740123e-08,-0.47351703614595286,41,74,1.174633014462373e-07
g__GGB3510|s__GGB3510_SGB4687,s  GGB3510 SGB4687,MWU_Oral,601.0,9.002173244740123e-08,-0.47351703614595286,41,74,1.174633014462373e-07
g__GGB3537|s__GGB3537_SGB4727,s  GGB3537 SGB4727,MWU_Oral,601.0,9.002173244740123e-08,-0.47351703614595286,41,74,1.174633014462373e-07
g__GGB3570|s__GGB3570_SGB4777,s  GGB3570 SGB4777,MWU_Oral,601.0,9.002173244740123e-08,-0.47351703614595286,41,74,1.174633014462373e-07
g__GGB3612|s__GGB3612_SGB4882,s  GGB3612 SGB4882,MWU_Oral,601.0,9.002173244740123e-08,-0.47351703614595286,41,74,1.174633014462373e-07
g__GGB3619|s__GGB3619_SGB4894,s  GGB3619 SGB4894,MWU_Oral,601.0,9.002173244740123e-08,-0.47351703614595286,41,74,1.174633014462373e-07
g__GGB3653|s__GGB3653_SGB4964,s  GGB3653 SGB4964,MWU_Oral,601.0,9.002173244740123e-08,-0.47351703614595286,41,74,1.174633014462373e-07
g__GGB3746|s__GGB3746_SGB5089,s  GGB3746 SGB5089,MWU_Oral,601.0,9.002173244740123e-08,-0.47351703614595286,41,74,1.174633014462373e-07
g__GGB3886|s__GGB3886_SGB5269,s  GGB3886 SGB5269,MWU_Oral,1741.0,0.1918715083820992,2.2727027132488424,41,74,0.20103552072273678
g__GGB3887|s__GGB3887_SGB5270,s  GGB3887 SGB5270,MWU_Oral,2363.0,7.931348145510642e-07,4.189405177716406,41,74,1.0050192054419621e-06
g__GGB4538|s__GGB4538_SGB6256,s  GGB4538 SGB6256,MWU_Oral,1749.0,0.17644688038783707,1.8632076069729135,41,74,0.18542770962913416
g__GGB45432|s__GGB45432_SGB63101,s  GGB45432 SGB63101,MWU_Oral,601.0,9.002173244740123e-08,-0.47351703614595286,41,74,1.174633014462373e-07
g__GGB4571|s__GGB4571_SGB6317,s  GGB4571 SGB6317,MWU_Oral,601.0,9.002173244740123e-08,-0.47351703614595286,41,74,1.174633014462373e-07
g__GGB47687|s__GGB47687_SGB2286,s  GGB47687 SGB2286,MWU_Oral,601.0,9.002173244740123e-08,-0.47351703614595286,41,74,1.174633014462373e-07
g__GGB4768|s__GGB4768_SGB6601,s  GGB4768 SGB6601,MWU_Oral,601.0,9.002173244740123e-08,-0.47351703614595286,41,74,1.174633014462373e-07
g__GGB4769|s__GGB4769_SGB6602,s  GGB4769 SGB6602,MWU_Oral,601.0,9.002173244740123e-08,-0.47351703614595286,41,74,1.174633014462373e-07
g__GGB4964|s__GGB4964_SGB6927,s  GGB4964 SGB6927,MWU_Oral,2214.0,4.762073462924463e-05,4.907451163188202,41,74,5.8239992525661555e-05
g__GGB51647|s__GGB51647_SGB4348,s  GGB51647 SGB4348,MWU_Oral,601.0,9.002173244740123e-08,-0.47351703614595286,41,74,1.174633014462373e-07
g__GGB6518|s__GGB6518_SGB9205,s  GGB6518 SGB9205,MWU_Oral,601.0,9.002173244740123e-08,-0.47351703614595286,41,74,1.174633014462373e-07
g__GGB6612|s__GGB6612_SGB9346,s  GGB6612 SGB9346,MWU_Oral,601.0,9.002173244740123e-08,-0.47351703614595286,41,74,1.174633014462373e-07
g__GGB77437|s__GGB77437_SGB9391,s  GGB77437 SGB9391,MWU_Oral,601.0,9.002173244740123e-08,-0.47351703614595286,41,74,1.174633014462373e-07
g__GGB79630|s__GGB79630_SGB13983,s  GGB79630 SGB13983,MWU_Oral,601.0,9.002173244740123e-08,-0.47351703614595286,41,74,1.174633014462373e-07
g__GGB79734|s__GGB79734_SGB15291,s  GGB79734 SGB15291,MWU_Oral,601.0,9.002173244740123e-08,-0.47351703614595286,41,74,1.174633014462373e-07
g__GGB79977|s__GGB79977_SGB1466,s  GGB79977 SGB1466,MWU_Oral,770.0,1.3067738826739443e-05,-1.532283003991921,41,74,1.6093952028721208e-05
g__GGB80011|s__GGB80011_SGB15265,s  GGB80011 SGB15265,MWU_Oral,601.0,9.002173244740123e-08,-0.47351703614595286,41,74,1.174633014462373e-07
g__GGB80011|s__GGB80011_SGB15267,s  GGB80011 SGB15267,MWU_Oral,601.0,9.002173244740123e-08,-0.47351703614595286,41,74,1.174633014462373e-07
g__GGB80140|s__GGB80140_SGB15224,s  GGB80140 SGB15224,MWU_Oral,601.0,9.002173244740123e-08,-0.47351703614595286,41,74,1.174633014462373e-07
g__GGB9062|s__GGB9062_SGB13981,s  GGB9062 SGB13981,MWU_Oral,601.0,9.002173244740123e-08,-0.47351703614595286,41,74,1.174633014462373e-07
g__GGB9063|s__GGB9063_SGB13982,s  GGB9063 SGB13982,MWU_Oral,601.0,9.002173244740123e-08,-0.47351703614595286,41,74,1.174633014462373e-07
g__GGB9092|s__GGB9092_SGB14022,s  GGB9092 SGB14022,MWU_Oral,601.0,9.002173244740123e-08,-0.47351703614595286,41,74,1.174633014462373e-07
g__GGB9101|s__GGB9101_SGB14033,s  GGB9101 SGB14033,MWU_Oral,601.0,9.002173244740123e-08,-0.47351703614595286,41,74,1.174633014462373e-07
g__GGB9109|s__GGB9109_SGB14042,s  GGB9109 SGB14042,MWU_Oral,601.0,9.002173244740123e-08,-0.47351703614595286,41,74,1.174633014462373e-07
g__GGB9110|s__GGB9110_SGB14043,s  GGB9110 SGB14043,MWU_Oral,601.0,9.002173244740123e-08,-0.47351703614595286,41,74,1.174633014462373e-07
g__GGB9117|s__GGB9117_SGB14050,s  GGB9117 SGB14050,MWU_Oral,601.0,9.002173244740123e-08,-0.47351703614595286,41,74,1.174633014462373e-07
g__GGB9176|s__GGB9176_SGB14114,s  GGB9176 SGB14114,MWU_Oral,601.0,9.002173244740123e-08,-0.47351703614595286,41,74,1.174633014462373e-07
g__GGB9261|s__GGB9261_SGB14209,s  GGB9261 SGB14209,MWU_Oral,601.0,9.002173244740123e-08,-0.47351703614595286,41,74,1.174633014462373e-07
g__GGB9293|s__GGB9293_SGB14250,s  GGB9293 SGB14250,MWU_Oral,601.0,9.002173244740123e-08,-0.47351703614595286,41,74,1.174633014462373e-07
g__GGB9296|s__GGB9296_SGB14253,s  GGB9296 SGB14253,MWU_Oral,601.0,9.002173244740123e-08,-0.47351703614595286,41,74,1.174633014462373e-07
g__GGB9302|s__GGB9302_SGB14263,s  GGB9302 SGB14263,MWU_Oral,601.0,9.002173244740123e-08,-0.47351703614595286,41,74,1.174633014462373e-07
g__GGB9342|s__GGB9342_SGB14306,s  GGB9342 SGB14306,MWU_Oral,601.0,9.002173244740123e-08,-0.47351703614595286,41,74,1.174633014462373e-07
g__GGB9345|s__GGB9345_SGB14311,s  GGB9345 SGB14311,MWU_Oral,601.0,9.002173244740123e-08,-0.47351703614595286,41,74,1.174633014462373e-07
g__GGB9453|s__GGB9453_SGB14844,s  GGB9453 SGB14844,MWU_Oral,601.0,9.002173244740123e-08,-0.47351703614595286,41,74,1.174633014462373e-07
g__GGB9522|s__GGB9522_SGB14921,s  GGB9522 SGB14921,MWU_Oral,601.0,9.002173244740123e-08,-0.47351703614595286,41,74,1.174633014462373e-07
g__GGB9524|s__GGB9524_SGB14924,s  GGB9524 SGB14924,MWU_Oral,601.0,9.002173244740123e-08,-0.47351703614595286,41,74,1.174633014462373e-07
g__GGB9559|s__GGB9559_SGB14969,s  GGB9559 SGB14969,MWU_Oral,601.0,9.002173244740123e-08,-0.47351703614595286,41,74,1.174633014462373e-07
g__GGB9602|s__GGB9602_SGB15028,s  GGB9602 SGB15028,MWU_Oral,601.0,9.002173244740123e-08,-0.47351703614595286,41,74,1.174633014462373e-07
g__GGB9602|s__GGB9602_SGB15031,s  GGB9602 SGB15031,MWU_Oral,601.0,9.002173244740123e-08,-0.47351703614595286,41,74,1.174633014462373e-07
g__GGB9608|s__GGB9608_SGB15041,s  GGB9608 SGB15041,MWU_Oral,601.0,9.002173244740123e-08,-0.47351703614595286,41,74,1.174633014462373e-07
g__GGB9614|s__GGB9614_SGB15049,s  GGB9614 SGB15049,MWU_Oral,601.0,9.002173244740123e-08,-0.47351703614595286,41,74,1.174633014462373e-07
g__GGB9616|s__GGB9616_SGB15051,s  GGB9616 SGB15051,MWU_Oral,601.0,9.002173244740123e-08,-0.47351703614595286,41,74,1.174633014462373e-07
g__GGB9618|s__GGB9618_SGB15065,s  GGB9618 SGB15065,MWU_Oral,601.0,9.002173244740123e-08,-0.47351703614595286,41,74,1.174633014462373e-07
g__GGB9619|s__GGB9619_SGB15066,s  GGB9619 SGB15066,MWU_Oral,601.0,9.002173244740123e-08,-0.47351703614595286,41,74,1.174633014462373e-07
g__GGB9619|s__GGB9619_SGB15067,s  GGB9619 SGB15067,MWU_Oral,601.0,9.002173244740123e-08,-0.47351703614595286,41,74,1.174633014462373e-07
g__GGB9621|s__GGB9621_SGB15073,s  GGB9621 SGB15073,MWU_Oral,601.0,9.002173244740123e-08,-0.47351703614595286,41,74,1.174633014462373e-07
g__GGB9627|s__GGB9627_SGB15081,s  GGB9627 SGB15081,MWU_Oral,601.0,9.002173244740123e-08,-0.47351703614595286,41,74,1.174633014462373e-07
g__GGB9634|s__GGB9634_SGB15093,s  GGB9634 SGB15093,MWU_Oral,601.0,9.002173244740123e-08,-0.47351703614595286,41,74,1.174633014462373e-07
g__GGB9635|s__GGB9635_SGB15106,s  GGB9635 SGB15106,MWU_Oral,601.0,9.002173244740123e-08,-0.47351703614595286,41,74,1.174633014462373e-07
g__GGB9636|s__GGB9636_SGB15107,s  GGB9636 SGB15107,MWU_Oral,601.0,9.002173244740123e-08,-0.47351703614595286,41,74,1.174633014462373e-07
g__GGB9640|s__GGB9640_SGB15115,s  GGB9640 SGB15115,MWU_Oral,601.0,9.002173244740123e-08,-0.47351703614595286,41,74,1.174633014462373e-07
g__GGB9641|s__GGB9641_SGB15117,s  GGB9641 SGB15117,MWU_Oral,601.0,9.002173244740123e-08,-0.47351703614595286,41,74,1.174633014462373e-07
g__GGB9642|s__GGB9642_SGB15119,s  GGB9642 SGB15119,MWU_Oral,601.0,9.002173244740123e-08,-0.47351703614595286,41,74,1.174633014462373e-07
g__GGB9646|s__GGB9646_SGB15123,s  GGB9646 SGB15123,MWU_Oral,601.0,9.002173244740123e-08,-0.47351703614595286,41,74,1.174633014462373e-07
g__GGB9677|s__GGB9677_SGB15180,s  GGB9677 SGB15180,MWU_Oral,601.0,9.002173244740123e-08,-0.47351703614595286,41,74,1.174633014462373e-07
g__GGB9699|s__GGB9699_SGB15216,s  GGB9699 SGB15216,MWU_Oral,601.0,9.002173244740123e-08,-0.47351703614595286,41,74,1.174633014462373e-07
g__GGB9707|s__GGB9707_SGB15229,s  GGB9707 SGB15229,MWU_Oral,601.0,9.002173244740123e-08,-0.47351703614595286,41,74,1.174633014462373e-07
g__GGB9708|s__GGB9708_SGB15233,s  GGB9708 SGB15233,MWU_Oral,601.0,9.002173244740123e-08,-0.47351703614595286,41,74,1.174633014462373e-07
g__GGB9708|s__GGB9708_SGB15234,s  GGB9708 SGB15234,MWU_Oral,601.0,9.002173244740123e-08,-0.47351703614595286,41,74,1.174633014462373e-07
g__GGB9712|s__GGB9712_SGB15244,s  GGB9712 SGB15244,MWU_Oral,601.0,9.002173244740123e-08,-0.47351703614595286,41,74,1.174633014462373e-07
g__GGB9713|s__GGB9713_SGB15249,s  GGB9713 SGB15249,MWU_Oral,601.0,9.002173244740123e-08,-0.47351703614595286,41,74,1.174633014462373e-07
g__GGB9724|s__GGB9724_SGB15278,s  GGB9724 SGB15278,MWU_Oral,601.0,9.002173244740123e-08,-0.47351703614595286,41,74,1.174633014462373e-07
g__GGB9747|s__GGB9747_SGB15356,s  GGB9747 SGB15356,MWU_Oral,601.0,9.002173244740123e-08,-0.47351703614595286,41,74,1.174633014462373e-07
g__GGB9758|s__GGB9758_SGB15368,s  GGB9758 SGB15368,MWU_Oral,601.0,9.002173244740123e-08,-0.47351703614595286,41,74,1.174633014462373e-07
g__GGB9759|s__GGB9759_SGB15370,s  GGB9759 SGB15370,MWU_Oral,601.0,9.002173244740123e-08,-0.47351703614595286,41,74,1.174633014462373e-07
g__GGB9760|s__GGB9760_SGB15373,s  GGB9760 SGB15373,MWU_Oral,601.0,9.002173244740123e-08,-0.47351703614595286,41,74,1.174633014462373e-07
g__GGB9760|s__GGB9760_SGB15374,s  GGB9760 SGB15374,MWU_Oral,601.0,9.002173244740123e-08,-0.47351703614595286,41,74,1.174633014462373e-07
g__GGB9762|s__GGB9762_SGB15377,s  GGB9762 SGB15377,MWU_Oral,601.0,9.002173244740123e-08,-0.47351703614595286,41,74,1.174633014462373e-07
g__GGB9767|s__GGB9767_SGB15385,s  GGB9767 SGB15385,MWU_Oral,601.0,9.002173244740123e-08,-0.47351703614595286,41,74,1.174633014462373e-07
g__GGB9770|s__GGB9770_SGB15390,s  GGB9770 SGB15390,MWU_Oral,601.0,9.002173244740123e-08,-0.47351703614595286,41,74,1.174633014462373e-07
g__GGB9775|s__GGB9775_SGB15395,s  GGB9775 SGB15395,MWU_Oral,601.0,9.002173244740123e-08,-0.47351703614595286,41,74,1.174633014462373e-07
g__GGB9787|s__GGB9787_SGB15410,s  GGB9787 SGB15410,MWU_Oral,601.0,9.002173244740123e-08,-0.47351703614595286,41,74,1.174633014462373e-07
g__GGB9818|s__GGB9818_SGB15459,s  GGB9818 SGB15459,MWU_Oral,601.0,9.002173244740123e-08,-0.47351703614595286,41,74,1.174633014462373e-07
g__Gordonibacter|s__Gordonibacter_pamelaeae,s  Gordonibacter pamelaeae,MWU_Oral,601.0,9.002173244740123e-08,-0.47351703614595286,41,74,1.174633014462373e-07
g__Granulicatella|s__Granulicatella_SGB8239,s  Granulicatella SGB8239,MWU_Oral,729.0,4.257986900300903e-06,-1.729434864756247,41,74,5.318695380802907e-06
g__Granulicatella|s__Granulicatella_SGB8255,s  Granulicatella SGB8255,MWU_Oral,2304.0,4.3789199060648934e-06,3.225551515653895,41,74,5.450357755421197e-06
g__Granulicatella|s__Granulicatella_adiacens,s  Granulicatella adiacens,MWU_Oral,1206.0,0.06982046361656022,-0.6029877056188535,41,74,0.07540610070588503
g__Haemophilus|s__Haemophilus_haemolyticus,s  Haemophilus haemolyticus,MWU_Oral,269.0,3.230805652132049e-13,-7.644899485432367,41,74,3.227893032135204e-11
g__Haemophilus|s__Haemophilus_parahaemolyticus,s  Haemophilus parahaemolyticus,MWU_Oral,1030.0,0.00450041930517401,-1.4994790574289594,41,74,0.005196207816171307
g__Haemophilus|s__Haemophilus_parainfluenzae,s  Haemophilus parainfluenzae,MWU_Oral,191.0,9.951982831462184e-15,-4.809392994699496,41,74,3.4931459738432267e-12
g__Haemophilus|s__Haemophilus_sputorum,s  Haemophilus sputorum,MWU_Oral,606.0,1.0572552797442908e-07,-3.738725101902672,41,74,1.3744318636675778e-07
g__Holdemanella|s__Holdemanella_porci,s  Holdemanella porci,MWU_Oral,601.0,9.002173244740123e-08,-0.47351703614595286,41,74,1.174633014462373e-07
g__Holdemania|s__Holdemania_filiformis,s  Holdemania filiformis,MWU_Oral,601.0,9.002173244740123e-08,-0.47351703614595286,41,74,1.174633014462373e-07
g__Hungatella|s__Hungatella_hathewayi,s  Hungatella hathewayi,MWU_Oral,601.0,9.002173244740123e-08,-0.47351703614595286,41,74,1.174633014462373e-07
g__Hydrogenoanaerobacterium|s__Hydrogenoanaerobacterium_saccharovorans,s  Hydrogenoanaerobacterium saccharovorans,MWU_Oral,601.0,9.002173244740123e-08,-0.47351703614595286,41,74,1.174633014462373e-07
g__Intestinibacter|s__Intestinibacter_bartlettii,s  Intestinibacter bartlettii,MWU_Oral,601.0,9.002173244740123e-08,-0.47351703614595286,41,74,1.174633014462373e-07
g__Isoptericola|s__Isoptericola_variabilis,s  Isoptericola variabilis,MWU_Oral,1929.0,0.016268592378841533,4.098291126305424,41,74,0.018185592117749613
g__Lachnoanaerobaculum|s__Lachnoanaerobaculum_orale,s  Lachnoanaerobaculum orale,MWU_Oral,2418.0,1.454678902908285e-07,4.311216334933887,41,74,1.8841044093018748e-07
g__Lachnoanaerobaculum|s__Lachnoanaerobaculum_sp_ICM7,s  Lachnoanaerobaculum sp ICM7,MWU_Oral,1279.0,0.165499230204588,0.4804520362239817,41,74,0.17444513453997115
g__Lachnoclostridium|s__Clostridium_symbiosum,s  Clostridium symbiosum,MWU_Oral,601.0,9.002173244740123e-08,-0.47351703614595286,41,74,1.174633014462373e-07
g__Lachnospira|s__Lachnospira_eligens,s  Lachnospira eligens,MWU_Oral,601.0,9.002173244740123e-08,-0.47351703614595286,41,74,1.174633014462373e-07
g__Lachnospira|s__Lachnospira_pectinoschiza,s  Lachnospira pectinoschiza,MWU_Oral,601.0,9.002173244740123e-08,-0.47351703614595286,41,74,1.174633014462373e-07
g__Lachnospira|s__Lachnospira_sp_NSJ_43,s  Lachnospira sp NSJ 43,MWU_Oral,601.0,9.002173244740123e-08,-0.47351703614595286,41,74,1.174633014462373e-07
g__Lacrimispora|s__Lacrimispora_amygdalina,s  Lacrimispora amygdalina,MWU_Oral,601.0,9.002173244740123e-08,-0.47351703614595286,41,74,1.174633014462373e-07
g__Lacrimispora|s__Lacrimispora_celerecrescens,s  Lacrimispora celerecrescens,MWU_Oral,601.0,9.002173244740123e-08,-0.47351703614595286,41,74,1.174633014462373e-07
g__Lancefieldella|s__Lancefieldella_parvula,s  Lancefieldella parvula,MWU_Oral,2762.0,3.678510577931857e-13,6.262100079615157,41,74,3.227893032135204e-11
g__Lancefieldella|s__Lancefieldella_rimae,s  Lancefieldella rimae,MWU_Oral,1720.0,0.2370314241467879,1.5862058707688713,41,74,0.2461480173832028
g__Lautropia|s__Lautropia_mirabilis,s  Lautropia mirabilis,MWU_Oral,1075.0,0.009937120673875486,-1.1587405365983914,41,74,0.01117926075810992
g__Leptotrichia|s__Leptotrichia_sp_oral_taxon_215,s  Leptotrichia sp oral taxon 215,MWU_Oral,1219.0,0.08235823468219379,-0.060966385995654626,41,74,0.08813335479710373
g__Leptotrichia|s__Leptotrichia_sp_oral_taxon_221,s  Leptotrichia sp oral taxon 221,MWU_Oral,1570.0,0.7591795632988555,1.424923844133673,41,74,0.7635301625154679
g__Leptotrichia|s__Leptotrichia_wadei,s  Leptotrichia wadei,MWU_Oral,1968.0,0.008524367753940427,2.8961626340912723,41,74,0.00965178413430029
g__Mediterraneibacter|s__Ruminococcus_gnavus,s  Ruminococcus gnavus,MWU_Oral,601.0,9.002173244740123e-08,-0.47351703614595286,41,74,1.174633014462373e-07
g__Mediterraneibacter|s__Ruminococcus_lactaris,s  Ruminococcus lactaris,MWU_Oral,601.0,9.002173244740123e-08,-0.47351703614595286,41,74,1.174633014462373e-07
g__Mediterraneibacter|s__Ruminococcus_torques,s  Ruminococcus torques,MWU_Oral,601.0,9.002173244740123e-08,-0.47351703614595286,41,74,1.174633014462373e-07
g__Megasphaera|s__Megasphaera_micronuciformis,s  Megasphaera micronuciformis,MWU_Oral,2538.0,2.5392539448536382e-09,5.680067389813598,41,74,6.837352550045331e-08
g__Methylobacterium|s__Methylobacterium_SGB15164,s  Methylobacterium SGB15164,MWU_Oral,601.0,9.002173244740123e-08,-0.47351703614595286,41,74,1.174633014462373e-07
g__Mogibacterium|s__Mogibacterium_diversum,s  Mogibacterium diversum,MWU_Oral,2669.0,1.769890329482707e-11,5.533159907371488,41,74,7.765393820605376e-10
g__Neisseria|s__Neisseria_sicca,s  Neisseria sicca,MWU_Oral,617.0,1.5015744146062567e-07,-3.3625360361032657,41,74,1.9376934541426327e-07
g__Neisseria|s__Neisseria_sp_oral_taxon_014,s  Neisseria sp oral taxon 014,MWU_Oral,1069.0,0.0089739499863364,-0.2486483585523777,41,74,0.010128155772360375
g__Neisseria|s__Neisseria_subflava,s  Neisseria subflava,MWU_Oral,1308.0,0.22342370527089295,-1.0469637104212373,41,74,0.23270540222576683
g__Odoribacter|s__Odoribacter_splanchnicus,s  Odoribacter splanchnicus,MWU_Oral,601.0,9.002173244740123e-08,-0.47351703614595286,41,74,1.174633014462373e-07
g__Oribacterium|s__Oribacterium_SGB5287,s  Oribacterium SGB5287,MWU_Oral,1702.0,0.28133125020098415,2.2765337870612985,41,74,0.2912898785266827
g__Oribacterium|s__Oribacterium_asaccharolyticum,s  Oribacterium asaccharolyticum,MWU_Oral,1606.0,0.6053168763169995,1.5159042738363475,41,74,0.6158441263399038
g__Oribacterium|s__Oribacterium_sinus,s  Oribacterium sinus,MWU_Oral,2149.0,0.00022650461301174232,2.7918105460638287,41,74,0.00027041877267728416
g__Oscillibacter|s__Oscillibacter_SGB15077,s  Oscillibacter SGB15077,MWU_Oral,601.0,9.002173244740123e-08,-0.47351703614595286,41,74,1.174633014462373e-07
g__Oscillibacter|s__Oscillibacter_sp_ER4,s  Oscillibacter sp ER4,MWU_Oral,601.0,9.002173244740123e-08,-0.47351703614595286,41,74,1.174633014462373e-07
g__Oscillibacter|s__Oscillibacter_valericigenes,s  Oscillibacter valericigenes,MWU_Oral,601.0,9.002173244740123e-08,-0.47351703614595286,41,74,1.174633014462373e-07
g__Parabacteroides|s__Parabacteroides_distasonis,s  Parabacteroides distasonis,MWU_Oral,601.0,9.002173244740123e-08,-0.47351703614595286,41,74,1.174633014462373e-07
g__Parabacteroides|s__Parabacteroides_goldsteinii,s  Parabacteroides goldsteinii,MWU_Oral,601.0,9.002173244740123e-08,-0.47351703614595286,41,74,1.174633014462373e-07
g__Parabacteroides|s__Parabacteroides_merdae,s  Parabacteroides merdae,MWU_Oral,601.0,9.002173244740123e-08,-0.47351703614595286,41,74,1.174633014462373e-07
g__Paraprevotella|s__Paraprevotella_clara,s  Paraprevotella clara,MWU_Oral,601.0,9.002173244740123e-08,-0.47351703614595286,41,74,1.174633014462373e-07
g__Parasutterella|s__Parasutterella_SGB9260,s  Parasutterella SGB9260,MWU_Oral,601.0,9.002173244740123e-08,-0.47351703614595286,41,74,1.174633014462373e-07
g__Parasutterella|s__Parasutterella_excrementihominis,s  Parasutterella excrementihominis,MWU_Oral,601.0,9.002173244740123e-08,-0.47351703614595286,41,74,1.174633014462373e-07
g__Phascolarctobacterium|s__Phascolarctobacterium_faecium,s  Phascolarctobacterium faecium,MWU_Oral,601.0,9.002173244740123e-08,-0.47351703614595286,41,74,1.174633014462373e-07
g__Phocaeicola|s__Phocaeicola_dorei,s  Phocaeicola dorei,MWU_Oral,601.0,9.002173244740123e-08,-0.47351703614595286,41,74,1.174633014462373e-07
g__Phocaeicola|s__Phocaeicola_massiliensis,s  Phocaeicola massiliensis,MWU_Oral,601.0,9.002173244740123e-08,-0.47351703614595286,41,74,1.174633014462373e-07
g__Phocaeicola|s__Phocaeicola_vulgatus,s  Phocaeicola vulgatus,MWU_Oral,601.0,9.002173244740123e-08,-0.47351703614595286,41,74,1.174633014462373e-07
g__Porphyromonas|s__Porphyromonas_endodontalis,s  Porphyromonas endodontalis,MWU_Oral,1137.0,0.02669294738652283,0.1585320434372154,41,74,0.02974356994498258
g__Porphyromonas|s__Porphyromonas_pasteri,s  Porphyromonas pasteri,MWU_Oral,870.0,0.00015997746217959194,-2.7174961835314146,41,74,0.0001923016754282081
g__Prevotella|s__Prevotella_copri_clade_A,s  Prevotella copri clade A,MWU_Oral,601.0,9.002173244740123e-08,-0.47351703614595286,41,74,1.174633014462373e-07
g__Prevotella|s__Prevotella_histicola,s  Prevotella histicola,MWU_Oral,2497.0,1.0683618453587763e-08,5.779590337860977,41,74,1.174633014462373e-07
g__Prevotella|s__Prevotella_jejuni,s  Prevotella jejuni,MWU_Oral,2307.0,4.0256517318483964e-06,4.9462090560208605,41,74,5.04644199242424e-06
g__Prevotella|s__Prevotella_melaninogenica,s  Prevotella melaninogenica,MWU_Oral,2042.0,0.00219376337609344,2.4449838402946993,41,74,0.002558175897039194
g__Prevotella|s__Prevotella_nanceiensis,s  Prevotella nanceiensis,MWU_Oral,1190.0,0.0565852426719784,-0.6840872033544907,41,74,0.06149046494694866
g__Prevotella|s__Prevotella_nigrescens,s  Prevotella nigrescens,MWU_Oral,1003.0,0.0027137219101981314,-0.49478045502938506,41,74,0.003143618450427538
g__Prevotella|s__Prevotella_oris,s  Prevotella oris,MWU_Oral,1458.0,0.732656765509428,1.0380574321360905,41,74,0.7389727721086473
g__Prevotella|s__Prevotella_oulorum,s  Prevotella oulorum,MWU_Oral,1824.0,0.07349944743478289,1.9887168803083695,41,74,0.07889390229238163
g__Prevotella|s__Prevotella_pallens,s  Prevotella pallens,MWU_Oral,1970.0,0.008235943442547173,2.888770738563255,41,74,0.009355392065806012
g__Prevotella|s__Prevotella_salivae,s  Prevotella salivae,MWU_Oral,2394.0,3.086869322363919e-07,4.653499625841433,41,74,3.925692507788897e-07
g__Prevotella|s__Prevotella_sp_HJM029,s  Prevotella sp HJM029,MWU_Oral,1597.0,0.6424923376159368,2.2204604711139297,41,74,0.6517769089687683
g__Prevotella|s__Prevotella_vespertina,s  Prevotella vespertina,MWU_Oral,1896.0,0.02709546895081144,3.674107355781252,41,74,0.03009654937257853
g__Pseudoflavonifractor|s__Pseudoflavonifractor_sp_An184,s  Pseudoflavonifractor sp An184,MWU_Oral,601.0,9.002173244740123e-08,-0.47351703614595286,41,74,1.174633014462373e-07
g__Rheinheimera|s__Rheinheimera_SGB14999,s  Rheinheimera SGB14999,MWU_Oral,601.0,9.002173244740123e-08,-0.47351703614595286,41,74,1.174633014462373e-07
g__Romboutsia|s__Romboutsia_timonensis,s  Romboutsia timonensis,MWU_Oral,601.0,9.002173244740123e-08,-0.47351703614595286,41,74,1.174633014462373e-07
g__Roseburia|s__Roseburia_faecis,s  Roseburia faecis,MWU_Oral,601.0,9.002173244740123e-08,-0.47351703614595286,41,74,1.174633014462373e-07
g__Roseburia|s__Roseburia_hominis,s  Roseburia hominis,MWU_Oral,601.0,9.002173244740123e-08,-0.47351703614595286,41,74,1.174633014462373e-07
g__Roseburia|s__Roseburia_intestinalis,s  Roseburia intestinalis,MWU_Oral,601.0,9.002173244740123e-08,-0.47351703614595286,41,74,1.174633014462373e-07
g__Roseburia|s__Roseburia_inulinivorans,s  Roseburia inulinivorans,MWU_Oral,601.0,9.002173244740123e-08,-0.47351703614595286,41,74,1.174633014462373e-07
g__Roseburia|s__Roseburia_sp_AF02_12,s  Roseburia sp AF02 12,MWU_Oral,601.0,9.002173244740123e-08,-0.47351703614595286,41,74,1.174633014462373e-07
g__Roseburia|s__Roseburia_sp_AM16_25,s  Roseburia sp AM16 25,MWU_Oral,601.0,9.002173244740123e-08,-0.47351703614595286,41,74,1.174633014462373e-07
g__Rothia|s__Rothia_aeria,s  Rothia aeria,MWU_Oral,1056.0,0.007167615999864537,-0.7189816976517269,41,74,0.008221677176315204
g__Rothia|s__Rothia_mucilaginosa,s  Rothia mucilaginosa,MWU_Oral,1977.0,0.007293981133073269,1.2874623074904683,41,74,0.008339372565826442
g__Ruminococcus|s__Ruminococcus_bicirculans,s  Ruminococcus bicirculans,MWU_Oral,601.0,9.002173244740123e-08,-0.47351703614595286,41,74,1.174633014462373e-07
g__Ruminococcus|s__Ruminococcus_bromii,s  Ruminococcus bromii,MWU_Oral,601.0,9.002173244740123e-08,-0.47351703614595286,41,74,1.174633014462373e-07
g__Ruminococcus|s__Ruminococcus_callidus,s  Ruminococcus callidus,MWU_Oral,601.0,9.002173244740123e-08,-0.47351703614595286,41,74,1.174633014462373e-07
g__Ruminococcus|s__Ruminococcus_sp_BSD2780120874_150323_B10,s  Ruminococcus sp BSD2780120874 150323 B10,MWU_Oral,601.0,9.002173244740123e-08,-0.47351703614595286,41,74,1.174633014462373e-07
g__Ruthenibacterium|s__Ruthenibacterium_lactatiformans,s  Ruthenibacterium lactatiformans,MWU_Oral,601.0,9.002173244740123e-08,-0.47351703614595286,41,74,1.174633014462373e-07
g__Sanguibacter|s__Sanguibacter_SGB15121,s  Sanguibacter SGB15121,MWU_Oral,601.0,9.002173244740123e-08,-0.47351703614595286,41,74,1.174633014462373e-07
g__Selenomonas|s__Selenomonas_SGB5880,s  Selenomonas SGB5880,MWU_Oral,2505.0,8.107090275516918e-09,5.132217481658686,41,74,1.174633014462373e-07
g__Selenomonas|s__Selenomonas_noxia,s  Selenomonas noxia,MWU_Oral,1402.0,0.5037575933641292,0.4938177652994815,41,74,0.5170143721368694
g__Selenomonas|s__Selenomonas_sputigena,s  Selenomonas sputigena,MWU_Oral,1956.0,0.010452404399932707,2.718827209250024,41,74,0.011721386403758404
g__Senegalimassilia|s__Senegalimassilia_anaerobia,s  Senegalimassilia anaerobia,MWU_Oral,601.0,9.002173244740123e-08,-0.47351703614595286,41,74,1.174633014462373e-07
g__Slackia|s__Slackia_isoflavoniconvertens,s  Slackia isoflavoniconvertens,MWU_Oral,601.0,9.002173244740123e-08,-0.47351703614595286,41,74,1.174633014462373e-07
g__Solobacterium|s__Solobacterium_SGB6829,s  Solobacterium SGB6829,MWU_Oral,2401.0,2.483531824871043e-07,3.9035385009707837,41,74,3.169889711017222e-07
g__Staphylococcus|s__Staphylococcus_SGB6340,s  Staphylococcus SGB6340,MWU_Oral,601.0,9.002173244740123e-08,-0.47351703614595286,41,74,1.174633014462373e-07
g__Stomatobaculum|s__Stomatobaculum_SGB5266,s  Stomatobaculum SGB5266,MWU_Oral,1147.0,0.03095996939571208,0.32329374776177544,41,74,0.034065671654843074
g__Stomatobaculum|s__Stomatobaculum_longum,s  Stomatobaculum longum,MWU_Oral,2587.0,4.2371487907817566e-10,5.387394810439039,41,74,1.2393660213036637e-08
g__Streptococcus|s__Streptococcus_SGB15012,s  Streptococcus SGB15012,MWU_Oral,601.0,9.002173244740123e-08,-0.47351703614595286,41,74,1.174633014462373e-07
g__Streptococcus|s__Streptococcus_australis,s  Streptococcus australis,MWU_Oral,1469.0,0.7815019169478219,0.6370128742122505,41,74,0.7837347795676728
g__Streptococcus|s__Streptococcus_cristatus,s  Streptococcus cristatus,MWU_Oral,1295.0,0.19587819195713074,0.08539335691953909,41,74,0.20462275409807407
g__Streptococcus|s__Streptococcus_gordonii,s  Streptococcus gordonii,MWU_Oral,1276.0,0.16022084801499925,-0.38107182694730923,41,74,0.169390113413448
g__Streptococcus|s__Streptococcus_infantis,s  Streptococcus infantis,MWU_Oral,1892.0,0.028758378934180505,1.9510888732932932,41,74,0.03174273901225584
g__Streptococcus|s__Streptococcus_mitis,s  Streptococcus mitis,MWU_Oral,354.0,1.1363748736202623e-11,-4.080953318170478,41,74,5.698108294867315e-10
g__Streptococcus|s__Streptococcus_oralis,s  Streptococcus oralis,MWU_Oral,998.0,0.0024648080311194956,-1.9102683870415067,41,74,0.0028647272149766325
g__Streptococcus|s__Streptococcus_parasanguinis,s  Streptococcus parasanguinis,MWU_Oral,2813.0,3.887843123220209e-14,5.434712848318961,41,74,6.823164681251467e-12
g__Streptococcus|s__Streptococcus_salivarius,s  Streptococcus salivarius,MWU_Oral,2705.0,4.089373938703042e-12,3.703722540617558,41,74,2.8707405049695354e-10
g__Streptococcus|s__Streptococcus_sanguinis,s  Streptococcus sanguinis,MWU_Oral,872.0,0.00016763980035160197,-1.725401548253216,41,74,0.0002008244707283696
g__Streptococcus|s__Streptococcus_thermophilus,s  Streptococcus thermophilus,MWU_Oral,601.0,9.002173244740123e-08,-0.47351703614595286,41,74,1.174633014462373e-07
g__Streptococcus|s__Streptococcus_vestibularis,s  Streptococcus vestibularis,MWU_Oral,1149.0,0.031880285995943614,-0.40765607521844194,41,74,0.03496868870180065
g__Sutterella|s__Sutterella_wadsworthensis,s  Sutterella wadsworthensis,MWU_Oral,601.0,9.002173244740123e-08,-0.47351703614595286,41,74,1.174633014462373e-07
g__Tannerella|s__Tannerella_serpentiformis,s  Tannerella serpentiformis,MWU_Oral,1454.0,0.7151484228524695,1.137895909632699,41,74,0.7233922087066766
g__Veillonella|s__Veillonella_atypica,s  Veillonella atypica,MWU_Oral,2639.0,5.8051678411908004e-11,6.52637675723377,41,74,2.037613912257971e-09
g__Veillonella|s__Veillonella_dispar,s  Veillonella dispar,MWU_Oral,2269.0,1.1431169929902936e-05,3.864031756667986,41,74,1.4177882139208236e-05
g__Veillonella|s__Veillonella_parvula,s  Veillonella parvula,MWU_Oral,958.0,0.0011094298125783626,-1.812042646214906,41,74,0.001298032880716684
g__Veillonella|s__Veillonella_rogosae,s  Veillonella rogosae,MWU_Oral,723.0,3.5969043617570296e-06,-3.533770917740705,41,74,4.525137745436264e-06
g__Vescimonas|s__Vescimonas_SGB15087,s  Vescimonas SGB15087,MWU_Oral,601.0,9.002173244740123e-08,-0.47351703614595286,41,74,1.174633014462373e-07
g__Vescimonas|s__Vescimonas_coprocola,s  Vescimonas coprocola,MWU_Oral,601.0,9.002173244740123e-08,-0.47351703614595286,41,74,1.174633014462373e-07
g__Victivallis|s__Victivallis_lenta,s  Victivallis lenta,MWU_Oral,601.0,9.002173244740123e-08,-0.47351703614595286,41,74,1.174633014462373e-07
g__Victivallis|s__Victivallis_vadensis,s  Victivallis vadensis,MWU_Oral,601.0,9.002173244740123e-08,-0.47351703614595286,41,74,1.174633014462373e-07
g__Waltera|s__Waltera_intestinalis,s  Waltera intestinalis,MWU_Oral,601.0,9.002173244740123e-08,-0.47351703614595286,41,74,1.174633014462373e-07
