Sample_ID,group
89,Crohn-Fecal
86,Crohn-Fecal
84,Crohn-Fecal
82,Crohn-Fecal
80,Crohn-Fecal
78,Crohn-Fecal
76,Crohn-Fecal
74,Crohn-Fecal
72,Crohn-Fecal
70,Crohn-Fecal
68,Crohn-Fecal
64,Crohn-Fecal
62,Crohn-Fecal
60,Crohn-Fecal
58,Crohn-Fecal
56,Crohn-Fecal
54,Crohn-Fecal
52,Crohn-Fecal
50,Crohn-Fecal
48,Crohn-Fecal
46,Crohn-Fecal
44,Crohn-Fecal
42,Crohn-Fecal
40,Crohn-Fecal
38,Crohn-Fecal
36,Crohn-Fecal
34,Crohn-Fecal
32,Crohn-Fecal
30,Crohn-Fecal
27,Crohn-Fecal
25,Crohn-Fecal
23,Crohn-Fecal
21,Crohn-Fecal
19,Crohn-Fecal
17,Crohn-Fecal
15,Crohn-Fecal
13,Crohn-Fecal
11,Crohn-Fecal
9,Crohn-Fecal
7,Crohn-Fecal
6,Crohn-Fecal
4,Crohn-Fecal
3,Crohn-Fecal
2,Crohn-Fecal
1,Crohn-Fecal
10083,Healthy-Fecal
10084,Healthy-Fecal
10085,Healthy-Fecal
10086,Healthy-Fecal
10087,Healthy-Fecal
10088,Healthy-Fecal
10089,Healthy-Fecal
10090,Healthy-Fecal
10091,Healthy-Fecal
10092,Healthy-Fecal
10093,Healthy-Fecal
10094,Healthy-Fecal
10095,Healthy-Fecal
10096,Healthy-Fecal
10097,Healthy-Fecal
10098,Healthy-Fecal
10099,Healthy-Fecal
10100,Healthy-Fecal
10101,Healthy-Fecal
10102,Healthy-Fecal
10103,Healthy-Fecal
10104,Healthy-Fecal
10105,Healthy-Fecal
10106,Healthy-Fecal
10107,Healthy-Fecal
10108,Healthy-Fecal
10109,Healthy-Fecal
10110,Healthy-Fecal
10111,Healthy-Fecal
10112,Healthy-Fecal
10113,Healthy-Fecal
10114,Healthy-Fecal
10115,Healthy-Fecal
10116,Healthy-Fecal
10117,Healthy-Fecal
10118,Healthy-Fecal
10119,Healthy-Fecal
10120,Healthy-Fecal
10121,Healthy-Fecal
10122,Healthy-Fecal
10123,Healthy-Fecal
10124,Healthy-Fecal
10125,Healthy-Fecal
10126,Healthy-Fecal
10127,Healthy-Fecal
10128,Healthy-Fecal
10129,Healthy-Fecal
10130,Healthy-Fecal
10131,Healthy-Fecal
10132,Healthy-Fecal
10133,Healthy-Fecal
10134,Healthy-Fecal
10135,Healthy-Fecal
10136,Healthy-Fecal
10137,Healthy-Fecal
10138,Healthy-Fecal
10139,Healthy-Fecal
10140,Healthy-Fecal
10141,Healthy-Fecal
10142,Healthy-Fecal
10143,Healthy-Fecal
10144,Healthy-Fecal
10145,Healthy-Fecal
10146,Healthy-Fecal
10147,Healthy-Fecal
10148,Healthy-Fecal
10149,Healthy-Fecal
10150,Healthy-Fecal
10151,Healthy-Fecal
10152,Healthy-Fecal
10153,Healthy-Fecal
10154,Healthy-Fecal
10155,Healthy-Fecal
10156,Healthy-Fecal
10157,Healthy-Fecal
10158,Healthy-Fecal
10159,Healthy-Fecal
10160,Healthy-Fecal
10161,Healthy-Fecal
10162,Healthy-Fecal
10163,Healthy-Fecal
10164,Healthy-Fecal
10165,Healthy-Fecal
10166,Healthy-Fecal
10167,Healthy-Fecal
10168,Healthy-Fecal
10169,Healthy-Fecal
10170,Healthy-Fecal
10171,Healthy-Fecal
10172,Healthy-Fecal
10173,Healthy-Fecal
10174,Healthy-Fecal
10175,Healthy-Fecal
10176,Healthy-Fecal
10177,Healthy-Fecal
10178,Healthy-Fecal
