species,O.C.–O.H.,F.C.–F.H.
s__Abiotrophia_defectiva,-0.07802368137337173,0.0
s__Actinomyces_SGB17132,0.2940652096729562,0.0
s__Actinomyces_SGB17154,2.4055043015362796,0.0
s__Actinomyces_SGB17157,0.012541926193098588,0.0
s__Actinomyces_SGB17163,0.2354234140810676,0.0
s__Actinomyces_SGB17168,1.3635915318197853,0.0
s__Actinomyces_dentalis,-0.013578641488637218,0.0
s__Actinomyces_graevenitzii,1.3721018697610425,0.0
s__Actinomyces_naeslundii,0.011885481776475824,0.0
s__Actinomyces_oris,-2.022337989755374,0.0
s__Actinomyces_sp_HMSC035G02,0.5615918693297651,0.0
s__Actinomyces_sp_ICM47,8.476357108170454,0.034952704786665255
s__Actinomyces_sp_ICM58,2.0105974523320373,0.0
s__Actinomyces_sp_ph3,0.26827211754066355,0.0
s__Adlercreutzia_equolifaciens,0.0,0.06463522276117806
s__Agathobaculum_butyriciproducens,0.0,0.4352076165893895
s__Aggregatibacter_sp_2125159857,-0.4180516368944569,0.0
s__Akkermansia_muciniphila,0.0,1.3356909038400588
s__Alistipes_communis,0.0,-1.7072210559007681
s__Alistipes_dispar,0.0,-0.16612578379542725
s__Alistipes_finegoldii,0.0,-1.0916125528370133
s__Alistipes_ihumii,0.0,-0.39322893687673593
s__Alistipes_indistinctus,0.0,-0.17726251275452043
s__Alistipes_onderdonkii,0.0,-4.166968281189057
s__Alistipes_putredinis,0.0,-9.436858285316085
s__Alistipes_senegalensis,0.0,-0.19946799295990314
s__Alistipes_shahii,0.0,-2.680513332189712
s__Alistipes_sp_AF17_16,0.0,-0.14518365394198576
s__Alloprevotella_SGB1483,0.23519134890660187,0.0
s__Alloprevotella_SGB1484,0.4791737139330392,0.0
s__Alloprevotella_tannerae,0.21064588420159103,0.0
s__Anaerobutyricum_hallii,0.0,0.61250753827165
s__Anaerobutyricum_soehngenii,0.0,0.18114250976646867
s__Anaeromassilibacillus_sp_An250,0.0,-0.0005238642400130014
s__Anaerostipes_hadrus,0.0,1.575002710959771
s__Anaerotignum_faecicola,0.0,0.2095871340292544
s__Bacteroides_caccae,0.0,-0.1849730811122806
s__Bacteroides_cellulosilyticus,0.0,-0.5826170121077936
s__Bacteroides_eggerthii,0.0,-0.38495933197147486
s__Bacteroides_finegoldii,0.0,-0.04138564289992411
s__Bacteroides_fragilis,0.0,0.5139562295510867
s__Bacteroides_nordii,0.0,-0.007298370054879827
s__Bacteroides_ovatus,0.0,0.5715867075645358
s__Bacteroides_stercoris,0.0,-0.6215440519085002
s__Bacteroides_thetaiotaomicron,0.0,0.3194527724068181
s__Bacteroides_uniformis,0.0,-2.2768633761021597
s__Bacteroides_xylanisolvens,0.0,-0.07704130629737105
s__Barnesiella_intestinihominis,0.0,-0.26081110688471887
s__Bifidobacterium_adolescentis,0.0,1.7759138444451088
s__Bifidobacterium_bifidum,0.0,0.9313168363293829
s__Bifidobacterium_longum,0.0,1.9289608398071458
s__Bilophila_wadsworthia,0.0,-0.13902545606221745
s__Bittarella_massiliensis,0.0,0.017746112562677135
s__Blautia_SGB4815,0.0,0.1754992805143685
s__Blautia_faecis,0.0,0.653347643078873
s__Blautia_glucerasea,0.0,0.10968625604520925
s__Blautia_luti,0.0,0.1001303102750717
s__Blautia_massiliensis,0.0,1.144986003046637
s__Blautia_obeum,0.0,0.5022081835918928
s__Blautia_sp_MSK_20_85,0.0,0.23249751473305286
s__Blautia_wexlerae,0.0,4.853342216781622
s__Butyricicoccus_sp_AM29_23AC,0.0,-0.0755968497179938
s__Butyricimonas_SGB15260,0.0,-0.06816192147254725
s__Butyricimonas_paravirosa,0.0,-0.00893143341496265
s__Butyricimonas_virosa,0.0,-0.037137085273847896
s__Campylobacter_concisus,0.2864139244769138,0.0
s__Candidatus_Borkfalkia_ceftriaxoniphila,0.0,-0.12257134908844947
s__Candidatus_Cibionibacter_quicibialis,0.0,0.4858292692212538
s__Candidatus_Nanosynsacchari_sp_TM7_ANC_38_39_G1_1,-0.06877494103002818,0.0
s__Capnocytophaga_gingivalis,0.023790947363324648,0.0
s__Capnocytophaga_leadbetteri,0.01362346527211733,0.0
s__Catonella_massiliensis,0.042747160738804045,0.0
s__Clostridium_SGB4648,0.0,-0.04072942816197696
s__Clostridium_SGB4750,0.0,0.20047489805045887
s__Clostridium_SGB4909,0.0,-0.033085232493591486
s__Clostridium_butyricum,0.0,0.09131987859644504
s__Clostridium_fessum,0.0,0.427585246805849
s__Clostridium_sp_1001270H_150608_G6,0.0,0.1639040781591741
s__Clostridium_sp_AF20_17LB,0.0,0.04857407021154517
s__Clostridium_sp_AF27_2AA,0.0,0.03700650143954577
s__Clostridium_sp_AF34_10BH,0.0,-0.2778821193465746
s__Clostridium_sp_AF34_13,0.0,0.047388671537403684
s__Clostridium_sp_AF36_4,0.0,0.04183802459923068
s__Clostridium_sp_AM22_11AC,0.0,0.3216876349202928
s__Clostridium_sp_AM33_3,0.0,-0.001770678291443218
s__Clostridium_sp_AM49_4BH,0.0,0.053479162500587804
s__Clostridium_symbiosum,0.0,0.15919864977732007
s__Collinsella_SGB14861,0.0,0.34334957046003733
s__Collinsella_aerofaciens,0.0,3.022669389344222
s__Collinsella_bouchesdurhonensis,0.0,0.04911110744561886
s__Coprobacter_fastidiosus,0.0,0.12002711802109445
s__Coprococcus_SGB4669,0.0,0.010282619256641706
s__Coprococcus_catus,0.0,0.20396915245995242
s__Coprococcus_comes,0.0,0.7407951477935381
s__Coprococcus_eutactus,0.0,-0.07372038236926842
s__Corynebacterium_matruchotii,-0.08939666629958375,0.0
s__Cutibacterium_acnes,-0.0779290597999746,0.0
s__Desulfovibrio_SGB5077,0.0,0.1357060065551474
s__Desulfovibrio_piger,0.0,-0.3050631610705807
s__Dialister_invisus,0.0005536114702717476,0.7762519923462823
s__Dorea_formicigenerans,0.0,0.5051727558989391
s__Dorea_longicatena,0.0,1.450192218784013
s__Dorea_sp_AF24_7LB,0.0,0.2216648672647765
s__Dorea_sp_AF36_15AT,0.0,0.12767281632844119
s__Dysosmobacter_sp_BX15,0.0,-1.358788074006601
s__Dysosmobacter_welbionis,0.0,-0.19839106310175647
s__Eggerthella_lenta,0.0,0.6468917567320107
s__Ellagibacter_isourolithinifaciens,0.0,0.01520570032698023
s__Enterocloster_SGB14313,0.0,-0.21313785999435694
s__Enterocloster_aldenensis,0.0,0.044938067517601425
s__Enterocloster_bolteae,0.0,0.3961463746523259
s__Enterocloster_clostridioformis,0.0,0.6393360754121425
s__Enterocloster_lavalensis,0.0,0.02924146425980609
s__Erysipelatoclostridium_ramosum,0.0,0.23149157548776678
s__Escherichia_coli,0.0,0.9282691708405064
s__Eubacterium_SGB6276,0.0,-0.034123387581812596
s__Eubacterium_ramulus,0.0,0.2898420575346744
s__Eubacterium_sp_AF16_48,0.0,0.05081515342411261
s__Eubacterium_ventriosum,0.0,0.2177535702820392
s__Faecalibacillus_intestinalis,0.0,0.17699063882585286
s__Faecalibacterium_SGB15315,0.0,-0.07986565041600713
s__Faecalibacterium_SGB15346,0.0,-0.5262508755035696
s__Faecalibacterium_prausnitzii,0.0,2.691068926157606
s__Faecalicatena_fissicatena,0.0,0.22500806747854946
s__Flavonifractor_plautii,0.0,0.716616572628657
s__Fusicatenibacter_saccharivorans,0.0,1.9067705608064156
s__Fusobacterium_nucleatum,-0.1271065571829219,0.0
s__Fusobacterium_pseudoperiodonticum,-0.8226323469685664,0.0
s__GGB10485_SGB49305,-1.2918681325971253,0.0
s__GGB1088_SGB1395,-0.2756295427431229,0.0
s__GGB1144_SGB1468,0.946006086127179,0.0
s__GGB1202_SGB1567,0.15718948331478944,0.0
s__GGB12785_SGB19823,0.17670428355980858,0.0
s__GGB13493_SGB15238,0.0,-0.06046049466395526
s__GGB14025_SGB14906,0.0,-0.009638115188255983
s__GGB1420_SGB1957,0.0,-0.3503173945155801
s__GGB16040_SGB9347,0.0,-0.310278073634548
s__GGB1843_SGB2516,-0.09720891259156128,0.0
s__GGB1843_SGB2524,-0.0760336672220697,0.0
s__GGB2653_SGB3574,0.0,0.03496437140017901
s__GGB2998_SGB3989,0.0,-0.04626416866887356
s__GGB3033_SGB4029,0.0,-0.015026156450397385
s__GGB3109_SGB4643,0.0,0.006981266655479469
s__GGB3175_SGB4191,0.0,-0.8084856648626931
s__GGB3256_SGB4303,0.0,0.5448326783441462
s__GGB3304_SGB4367,0.0,-0.4526994542545234
s__GGB3321_SGB4394,0.0,-0.029864681774552565
s__GGB3345_SGB9340,0.0,-1.6237180143193446
s__GGB33469_SGB15236,0.0,-0.4515535361793194
s__GGB33469_SGB15237,0.0,-0.04010185069520991
s__GGB33512_SGB15203,0.0,-0.03008981752733062
s__GGB33928_SGB15225,0.0,-0.1912318184143856
s__GGB34228_SGB72916,0.0,-0.034422288187170524
s__GGB34540_SGB54300,0.0,-0.07567338804007195
s__GGB34797_SGB14322,0.0,0.14045094741119368
s__GGB3510_SGB4687,0.0,-0.0025293593591531674
s__GGB3537_SGB4727,0.0,0.0041411799172620745
s__GGB3570_SGB4777,0.0,0.0014675693464211714
s__GGB3612_SGB4882,0.0,8.141454899272815e-05
s__GGB3619_SGB4894,0.0,-0.1343533495341771
s__GGB3653_SGB4964,0.0,0.09324106334352822
s__GGB3746_SGB5089,0.0,0.11894046145566181
s__GGB3886_SGB5269,0.06332917434061423,0.0
s__GGB3887_SGB5270,0.18545763676226543,0.0
s__GGB4538_SGB6256,0.011189535546716423,0.0
s__GGB45432_SGB63101,0.0,0.02430610581637768
s__GGB4571_SGB6317,0.0,-0.06109037192937902
s__GGB47687_SGB2286,0.0,-0.7949730445313387
s__GGB4768_SGB6601,0.0,-1.0055186918177674
s__GGB4769_SGB6602,0.0,-0.4132239042965534
s__GGB4964_SGB6927,0.9613471152794717,0.0
s__GGB51647_SGB4348,0.0,0.3370628623430802
s__GGB6518_SGB9205,0.0,-0.19510056081499222
s__GGB6612_SGB9346,0.0,-1.9207689030881652
s__GGB77437_SGB9391,0.0,-0.0619198027835593
s__GGB79630_SGB13983,0.0,-0.36764469757858603
s__GGB79734_SGB15291,0.0,0.026639630753179516
s__GGB79977_SGB1466,-0.694608425583039,0.0
s__GGB80011_SGB15265,0.0,0.37795079317016916
s__GGB80011_SGB15267,0.0,-0.0818522209109801
s__GGB80140_SGB15224,0.0,-0.4234637057366027
s__GGB9062_SGB13981,0.0,-0.09912893069974345
s__GGB9063_SGB13982,0.0,-0.16571615491477173
s__GGB9092_SGB14022,0.0,-0.09747984343804346
s__GGB9101_SGB14033,0.0,-0.026433395946729592
s__GGB9109_SGB14042,0.0,-0.5136206303547312
s__GGB9110_SGB14043,0.0,-0.10732157051777522
s__GGB9117_SGB14050,0.0,-0.13094542786613667
s__GGB9176_SGB14114,0.0,-0.7033823430103148
s__GGB9261_SGB14209,0.0,-1.2436760386354087
s__GGB9293_SGB14250,0.0,-0.03127939514821
s__GGB9296_SGB14253,0.0,-0.06521296542790546
s__GGB9302_SGB14263,0.0,-0.024670082039744815
s__GGB9342_SGB14306,0.0,-0.15664911607991913
s__GGB9345_SGB14311,0.0,-0.16891647527768233
s__GGB9453_SGB14844,0.0,0.04191595890613889
s__GGB9522_SGB14921,0.0,0.006221112665510592
s__GGB9524_SGB14924,0.0,0.05082435708883809
s__GGB9559_SGB14969,0.0,0.008591924203219461
s__GGB9602_SGB15028,0.0,-0.12743683334806544
s__GGB9602_SGB15031,0.0,-0.5085342362542534
s__GGB9608_SGB15041,0.0,-0.0032921609987627207
s__GGB9614_SGB15049,0.0,-0.3097605793693283
s__GGB9616_SGB15051,0.0,-0.25308837342933066
s__GGB9618_SGB15065,0.0,-0.041293201221459644
s__GGB9619_SGB15066,0.0,-0.046286075787414935
s__GGB9619_SGB15067,0.0,-0.06930118055863774
s__GGB9621_SGB15073,0.0,-0.08508216246445498
s__GGB9627_SGB15081,0.0,-0.018503663365521797
s__GGB9634_SGB15093,0.0,-0.21615984144740252
s__GGB9635_SGB15106,0.0,-1.223840267034137
s__GGB9636_SGB15107,0.0,-0.23698433944662886
s__GGB9640_SGB15115,0.0,-0.0012435532379389824
s__GGB9641_SGB15117,0.0,0.04131751466736945
s__GGB9642_SGB15119,0.0,0.11034712759579612
s__GGB9646_SGB15123,0.0,-0.015528083525288247
s__GGB9677_SGB15180,0.0,-0.1361234439376127
s__GGB9699_SGB15216,0.0,-0.04382005672283967
s__GGB9707_SGB15229,0.0,-0.18894112818020847
s__GGB9708_SGB15233,0.0,-0.039453597095899795
s__GGB9708_SGB15234,0.0,-0.626468451182434
s__GGB9712_SGB15244,0.0,-0.13531258913631797
s__GGB9713_SGB15249,0.0,-1.8219043228682126
s__GGB9724_SGB15278,0.0,-0.011374259126351777
s__GGB9747_SGB15356,0.0,-0.3522152898881681
s__GGB9758_SGB15368,0.0,-2.0200174300077625
s__GGB9759_SGB15370,0.0,-0.039231788724315785
s__GGB9760_SGB15373,0.0,-0.05639215938928582
s__GGB9760_SGB15374,0.0,-0.09631438871210264
s__GGB9762_SGB15377,0.0,-0.14641686356268538
s__GGB9767_SGB15385,0.0,-0.05327473409329685
s__GGB9770_SGB15390,0.0,0.001099222819022895
s__GGB9775_SGB15395,0.0,-0.054487075128302434
s__GGB9787_SGB15410,0.0,0.00534646321589955
s__GGB9818_SGB15459,0.0,-0.08853339537526334
s__Gordonibacter_pamelaeae,0.0,0.0469012730022641
s__Granulicatella_SGB8239,-0.2623487295997555,0.0
s__Granulicatella_SGB8255,1.0034721541925196,0.0
s__Granulicatella_adiacens,-0.0958057454363423,0.0
s__Haemophilus_haemolyticus,-13.785624007211297,0.0
s__Haemophilus_parahaemolyticus,-0.7290135123210455,0.0
s__Haemophilus_parainfluenzae,-9.470710496869488,0.00029325964041609573
s__Haemophilus_sputorum,-0.5535477216319944,0.0
s__Holdemanella_porci,0.0,0.27337550534872007
s__Holdemania_filiformis,0.0,0.014130878262021224
s__Hungatella_hathewayi,0.0,0.1903065097802486
s__Hydrogenoanaerobacterium_saccharovorans,0.0,-0.028668916402241937
s__Intestinibacter_bartlettii,0.0,0.11856299230236497
s__Isoptericola_variabilis,1.0683505129070128,0.0
s__Lachnoanaerobaculum_orale,0.4778402361000822,0.0
s__Lachnoanaerobaculum_sp_ICM7,0.008503084369585006,0.0
s__Lachnospira_eligens,0.0,0.16342734395864972
s__Lachnospira_pectinoschiza,0.0,0.08108770038450425
s__Lachnospira_sp_NSJ_43,0.0,-0.00828119439235375
s__Lacrimispora_amygdalina,0.0,0.03829025732128184
s__Lacrimispora_celerecrescens,0.0,0.6802413397668232
s__Lancefieldella_parvula,2.1636732941159287,0.0
s__Lancefieldella_rimae,0.1526749617228923,0.0
s__Lautropia_mirabilis,-0.5237600196598352,0.0
s__Leptotrichia_sp_oral_taxon_215,-0.009861854185287358,0.0
s__Leptotrichia_sp_oral_taxon_221,0.01636309939771892,0.0
s__Leptotrichia_wadei,0.2403589089426073,0.0
s__Megasphaera_micronuciformis,1.7447512613072353,0.0
s__Methylobacterium_SGB15164,0.0,-0.04069255220386089
s__Mogibacterium_diversum,0.4809414224057298,0.0
s__Neisseria_sicca,-0.5617545764899686,0.0
s__Neisseria_sp_oral_taxon_014,-0.17375025359076526,0.0
s__Neisseria_subflava,0.8259753680024691,0.0
s__Odoribacter_splanchnicus,0.0,-0.26728895450009443
s__Oribacterium_SGB5287,0.06289100784130097,0.0
s__Oribacterium_asaccharolyticum,0.04063605204153845,0.0
s__Oribacterium_sinus,0.1632390703102401,0.0
s__Oscillibacter_SGB15077,0.0,-0.030074023108118398
s__Oscillibacter_sp_ER4,0.0,-1.3583584919330483
s__Oscillibacter_valericigenes,0.0,-0.07051582069619398
s__Parabacteroides_distasonis,0.0,0.047596142878693515
s__Parabacteroides_goldsteinii,0.0,0.024122462243852064
s__Parabacteroides_merdae,0.0,-0.28787541071859024
s__Paraprevotella_clara,0.0,-0.2007051285111804
s__Parasutterella_SGB9260,0.0,0.07532829271558383
s__Parasutterella_excrementihominis,0.0,-0.16376419166052764
s__Phascolarctobacterium_faecium,0.0,0.3363000078666799
s__Phocaeicola_dorei,0.0,0.6961583999332468
s__Phocaeicola_massiliensis,0.0,-0.11633580444483976
s__Phocaeicola_vulgatus,0.0,0.41083274751916443
s__Porphyromonas_endodontalis,-0.07219796604103701,0.0
s__Porphyromonas_pasteri,-0.7302715654679219,0.0
s__Prevotella_copri_clade_A,0.0,3.0718905809910537
s__Prevotella_histicola,3.5621162227621355,0.0
s__Prevotella_jejuni,2.044926311633277,0.0
s__Prevotella_melaninogenica,2.072864095948865,0.0
s__Prevotella_nanceiensis,-0.06777817387471599,0.0
s__Prevotella_nigrescens,0.23974398887582388,0.0
s__Prevotella_oris,0.7197517444428589,0.0
s__Prevotella_oulorum,0.1436745483287828,0.0
s__Prevotella_pallens,0.5753085895126785,0.0
s__Prevotella_salivae,0.9455723650535787,0.0
s__Prevotella_sp_HJM029,0.21750345841058405,0.0
s__Prevotella_vespertina,1.1833475008357013,0.0
s__Pseudoflavonifractor_sp_An184,0.0,0.02785812710716951
s__Rheinheimera_SGB14999,0.0,0.015502816354912321
s__Romboutsia_timonensis,0.0,0.03560526942311113
s__Roseburia_faecis,0.0,1.2324133683505578
s__Roseburia_hominis,0.0,0.1083587964476585
s__Roseburia_intestinalis,0.0,0.5098685887074645
s__Roseburia_inulinivorans,0.0,0.1649722196906306
s__Roseburia_sp_AF02_12,0.0,-0.04200699387987168
s__Roseburia_sp_AM16_25,0.0,0.023660378709814484
s__Rothia_aeria,-0.07584440389999186,0.0
s__Rothia_mucilaginosa,3.8797794265824828,0.0
s__Ruminococcus_bicirculans,0.0,0.4284059322540698
s__Ruminococcus_bromii,0.0,1.0944549495047364
s__Ruminococcus_callidus,0.0,0.08148573779008486
s__Ruminococcus_gnavus,0.0,1.9660043855315672
s__Ruminococcus_lactaris,0.0,0.28390142824382103
s__Ruminococcus_sp_BSD2780120874_150323_B10,0.0,0.9391196632803939
s__Ruminococcus_torques,0.0,2.5009731943617792
s__Ruthenibacterium_lactatiformans,0.0,0.12809198892329404
s__Sanguibacter_SGB15121,0.0,0.10128640562271024
s__Selenomonas_SGB5880,1.2066675888345968,0.0
s__Selenomonas_noxia,-0.014266548163057547,0.0
s__Selenomonas_sputigena,0.1715790042513294,0.0
s__Senegalimassilia_anaerobia,0.0,0.07488773018020245
s__Slackia_isoflavoniconvertens,0.0,0.01323475585794967
s__Solobacterium_SGB6829,0.1818702754116895,0.0
s__Staphylococcus_SGB6340,0.0,-0.014801141686916007
s__Stomatobaculum_SGB5266,-0.009023565349953966,0.0
s__Stomatobaculum_longum,1.1545534257222203,0.0
s__Streptococcus_SGB15012,0.0,-0.02273593127663323
s__Streptococcus_australis,-0.009807189794790283,0.0
s__Streptococcus_cristatus,-0.0547775714040638,0.0
s__Streptococcus_gordonii,-0.27214745336719787,0.0
s__Streptococcus_infantis,0.6415547416212466,0.0
s__Streptococcus_mitis,-28.62577086425084,0.0
s__Streptococcus_oralis,-1.604042786212104,0.0
s__Streptococcus_parasanguinis,5.112503140428064,0.18553340762254195
s__Streptococcus_salivarius,7.007787701615573,0.6355652438951207
s__Streptococcus_sanguinis,-0.8892719045486284,0.0
s__Streptococcus_thermophilus,0.0,0.7943534994823891
s__Streptococcus_vestibularis,-0.11330065490409127,0.0
s__Sutterella_wadsworthensis,0.0,-2.2058482105849526
s__Tannerella_serpentiformis,0.38488891140150405,0.0
s__Veillonella_atypica,4.2251331807575845,0.0
s__Veillonella_dispar,1.391568010545824,0.012478881092751366
s__Veillonella_parvula,-0.7567377002491069,0.0
s__Veillonella_rogosae,-0.7030648540872805,0.0
s__Vescimonas_SGB15087,0.0,-0.02785077600644957
s__Vescimonas_coprocola,0.0,0.054716656726508994
s__Victivallis_lenta,0.0,-0.3991149570192258
s__Victivallis_vadensis,0.0,-0.29004110670932587
s__Waltera_intestinalis,0.0,-0.564234248450476
