species,O.C.,F.C.,O.H.,F.H.
s__Abiotrophia_defectiva,0.0037836761339418486,0.0,0.08180735750731358,0.0
s__Actinomyces_SGB17132,0.3033774003884414,0.0,0.00931219071548521,0.0
s__Actinomyces_SGB17154,2.4259320380338147,0.0,0.020427736497535074,0.0
s__Actinomyces_SGB17157,0.09433392156940741,0.0,0.08179199537630882,0.0
s__Actinomyces_SGB17163,0.24496424377359585,0.0,0.009540829692528249,0.0
s__Actinomyces_SGB17168,1.534021831206814,0.0,0.17043029938702867,0.0
s__Actinomyces_dentalis,0.015258162881810892,0.0,0.02883680437044811,0.0
s__Actinomyces_graevenitzii,1.5877345053195129,0.0,0.2156326355584704,0.0
s__Actinomyces_naeslundii,0.020027946613713075,0.0,0.00814246483723725,0.0
s__Actinomyces_oris,0.3039658254347579,0.0,2.326303815190132,0.0
s__Actinomyces_sp_HMSC035G02,0.5954818299991445,0.0,0.03388996066937936,0.0
s__Actinomyces_sp_ICM47,9.323869619880007,0.03505285390870798,0.8475125117095524,0.0001001491220427219
s__Actinomyces_sp_ICM58,2.096912976799796,0.0,0.08631552446775867,0.0
s__Actinomyces_sp_ph3,0.27516249256278846,0.0,0.006890375022124903,0.0
s__Adlercreutzia_equolifaciens,0.0,0.11808681132030091,0.0,0.05345158855912286
s__Agathobaculum_butyriciproducens,0.0,0.5309921018910981,0.0,0.09578448530170863
s__Aggregatibacter_sp_2125159857,0.01608471595013216,0.0,0.43413635284458907,0.0
s__Akkermansia_muciniphila,0.0,2.280734914577341,0.0,0.9450440107372821
s__Alistipes_communis,0.0,0.14548398038456448,0.0,1.8527050362853326
s__Alistipes_dispar,0.0,0.07223683760377889,0.0,0.23836262139920614
s__Alistipes_finegoldii,0.0,0.15126556815383435,0.0,1.2428781209908477
s__Alistipes_ihumii,0.0,0.06345986366472876,0.0,0.4566888005414647
s__Alistipes_indistinctus,0.0,0.024401828753301227,0.0,0.20166434150782167
s__Alistipes_onderdonkii,0.0,0.9261857655627543,0.0,5.0931540467518115
s__Alistipes_putredinis,0.0,0.9241493455182992,0.0,10.361007630834385
s__Alistipes_senegalensis,0.0,0.01655886039117134,0.0,0.2160268533510745
s__Alistipes_shahii,0.0,0.2907527648442542,0.0,2.971266097033966
s__Alistipes_sp_AF17_16,0.0,0.024830797595342204,0.0,0.17001445153732797
s__Alloprevotella_SGB1483,0.34392417460425,0.0,0.10873282569764815,0.0
s__Alloprevotella_SGB1484,0.6435199884184482,0.0,0.16434627448540895,0.0
s__Alloprevotella_tannerae,0.41850753731416845,0.0,0.20786165311257743,0.0
s__Anaerobutyricum_hallii,0.0,0.621710244433314,0.0,0.009202706161663925
s__Anaerobutyricum_soehngenii,0.0,0.18172845472222046,0.0,0.0005859449557517781
s__Anaeromassilibacillus_sp_An250,0.0,0.021722763658341807,0.0,0.02224662789835481
s__Anaerostipes_hadrus,0.0,1.6050016173272863,0.0,0.02999890636751519
s__Anaerotignum_faecicola,0.0,0.3888490384071456,0.0,0.17926190437789116
s__Bacteroides_caccae,0.0,0.3730831817682454,0.0,0.558056262880526
s__Bacteroides_cellulosilyticus,0.0,0.09425947239706746,0.0,0.676876484504861
s__Bacteroides_eggerthii,0.0,0.2841055083350776,0.0,0.6690648403065524
s__Bacteroides_finegoldii,0.0,0.03584312514760164,0.0,0.07722876804752575
s__Bacteroides_fragilis,0.0,0.7922347634980668,0.0,0.27827853394698016
s__Bacteroides_nordii,0.0,0.009735731334112296,0.0,0.017034101388992123
s__Bacteroides_ovatus,0.0,1.0748776826674993,0.0,0.5032909751029635
s__Bacteroides_stercoris,0.0,0.5203268212727544,0.0,1.1418708731812546
s__Bacteroides_thetaiotaomicron,0.0,0.7345425050369702,0.0,0.4150897326301521
s__Bacteroides_uniformis,0.0,2.5998926597693055,0.0,4.876756035871465
s__Bacteroides_xylanisolvens,0.0,0.3473423182936958,0.0,0.4243836245910668
s__Barnesiella_intestinihominis,0.0,0.5703050107098505,0.0,0.8311161175945694
s__Bifidobacterium_adolescentis,0.0,2.3708673825992315,0.0,0.5949535381541227
s__Bifidobacterium_bifidum,0.0,0.9982481567236691,0.0,0.06693132039428622
s__Bifidobacterium_longum,0.0,2.13425029864043,0.0,0.205289458833284
s__Bilophila_wadsworthia,0.0,0.3502010954000345,0.0,0.48922655146225197
s__Bittarella_massiliensis,0.0,0.018173836082285996,0.0,0.0004277235196088605
s__Blautia_SGB4815,0.0,0.17965933328511702,0.0,0.004160052770748514
s__Blautia_faecis,0.0,0.6870119070095592,0.0,0.03366426393068612
s__Blautia_glucerasea,0.0,0.12211628901130184,0.0,0.012430032966092588
s__Blautia_luti,0.0,0.11149485821552522,0.0,0.011364547940453528
s__Blautia_massiliensis,0.0,1.1770656967160795,0.0,0.03207969366944243
s__Blautia_obeum,0.0,0.5188315958682931,0.0,0.01662341227640025
s__Blautia_sp_MSK_20_85,0.0,0.2637066229913873,0.0,0.03120910825833446
s__Blautia_wexlerae,0.0,4.914738339432814,0.0,0.061396122651192965
s__Butyricicoccus_sp_AM29_23AC,0.0,0.03921271566485978,0.0,0.11480956538285357
s__Butyricimonas_SGB15260,0.0,0.09007976708189121,0.0,0.15824168855443846
s__Butyricimonas_paravirosa,0.0,0.014110195829277639,0.0,0.02304162924424029
s__Butyricimonas_virosa,0.0,0.009445869618579088,0.0,0.04658295489242698
s__Campylobacter_concisus,0.5014933700804816,0.0,0.2150794456035678,0.0
s__Candidatus_Borkfalkia_ceftriaxoniphila,0.0,0.0026385204738075493,0.0,0.12520986956225702
s__Candidatus_Cibionibacter_quicibialis,0.0,2.1540498151486664,0.0,1.6682205459274126
s__Candidatus_Nanosynsacchari_sp_TM7_ANC_38_39_G1_1,0.023334085902382343,0.0,0.09210902693241052,0.0
s__Capnocytophaga_gingivalis,0.06657210554694835,0.0,0.042781158183623706,0.0
s__Capnocytophaga_leadbetteri,0.19859716865580657,0.0,0.18497370338368924,0.0
s__Catonella_massiliensis,0.048308720607108294,0.0,0.005561559868304248,0.0
s__Clostridium_SGB4648,0.0,0.03718057957629077,0.0,0.07791000773826773
s__Clostridium_SGB4750,0.0,0.2074149299845772,0.0,0.006940031934118313
s__Clostridium_SGB4909,0.0,0.012489849313269468,0.0,0.045575081806860956
s__Clostridium_butyricum,0.0,0.09142306084431265,0.0,0.0001031822478676104
s__Clostridium_fessum,0.0,0.6049374638751709,0.0,0.17735221706932192
s__Clostridium_sp_1001270H_150608_G6,0.0,0.3468805346144564,0.0,0.1829764564552823
s__Clostridium_sp_AF20_17LB,0.0,0.11988468426596981,0.0,0.07131061405442464
s__Clostridium_sp_AF27_2AA,0.0,0.05671323725530397,0.0,0.019706735815758204
s__Clostridium_sp_AF34_10BH,0.0,0.2736930499791873,0.0,0.5515751693257619
s__Clostridium_sp_AF34_13,0.0,0.057562955542982124,0.0,0.010174284005578441
s__Clostridium_sp_AF36_4,0.0,0.13082237512803754,0.0,0.08898435052880686
s__Clostridium_sp_AM22_11AC,0.0,0.3533412711913481,0.0,0.03165363627105535
s__Clostridium_sp_AM33_3,0.0,0.02513665488176511,0.0,0.026907333173208328
s__Clostridium_sp_AM49_4BH,0.0,0.12318933312326581,0.0,0.06971017062267801
s__Clostridium_symbiosum,0.0,0.1606416913158324,0.0,0.0014430415385123206
s__Collinsella_SGB14861,0.0,0.45217850594390785,0.0,0.1088289354838705
s__Collinsella_aerofaciens,0.0,3.402328514730213,0.0,0.37965912538599106
s__Collinsella_bouchesdurhonensis,0.0,0.0556891014569358,0.0,0.006577994011316937
s__Coprobacter_fastidiosus,0.0,0.18483064158698145,0.0,0.064803523565887
s__Coprococcus_SGB4669,0.0,0.014174835399698672,0.0,0.0038922161430569656
s__Coprococcus_catus,0.0,0.2192815802992955,0.0,0.015312427839343093
s__Coprococcus_comes,0.0,0.7956529032081039,0.0,0.0548577554145658
s__Coprococcus_eutactus,0.0,0.12669832216400292,0.0,0.20041870453327135
s__Corynebacterium_matruchotii,0.021526702141270764,0.0,0.11092336844085451,0.0
s__Cutibacterium_acnes,0.004337673392159941,0.0,0.08226673319213454,0.0
s__Desulfovibrio_SGB5077,0.0,0.15222721999164138,0.0,0.016521213436493997
s__Desulfovibrio_piger,0.0,0.07587876426102079,0.0,0.3809419253316015
s__Dialister_invisus,0.04609688047016379,0.9101183510432984,0.04554326899989204,0.13386635869701616
s__Dorea_formicigenerans,0.0,0.5126257243226426,0.0,0.007452968423703548
s__Dorea_longicatena,0.0,1.4983170308724587,0.0,0.04812481208844571
s__Dorea_sp_AF24_7LB,0.0,0.22307566830602077,0.0,0.001410801041244283
s__Dorea_sp_AF36_15AT,0.0,0.12935839989177048,0.0,0.0016855835633292834
s__Dysosmobacter_sp_BX15,0.0,0.18714665005728104,0.0,1.5459347240638819
s__Dysosmobacter_welbionis,0.0,0.30921937467105753,0.0,0.507610437772814
s__Eggerthella_lenta,0.0,0.6558585109245422,0.0,0.008966754192531465
s__Ellagibacter_isourolithinifaciens,0.0,0.06045462841751999,0.0,0.04524892809053976
s__Enterocloster_SGB14313,0.0,0.01767815563502,0.0,0.23081601562937695
s__Enterocloster_aldenensis,0.0,0.04762311370360317,0.0,0.0026850461860017457
s__Enterocloster_bolteae,0.0,0.4007842717571451,0.0,0.004637897104819195
s__Enterocloster_clostridioformis,0.0,0.6400054542240113,0.0,0.0006693788118688291
s__Enterocloster_lavalensis,0.0,0.03296277768761779,0.0,0.0037213134278116975
s__Erysipelatoclostridium_ramosum,0.0,0.23171570249077547,0.0,0.00022412700300870314
s__Escherichia_coli,0.0,1.003997522326805,0.0,0.07572835148629854
s__Eubacterium_SGB6276,0.0,0.004750510326429837,0.0,0.03887389790824243
s__Eubacterium_ramulus,0.0,0.3148851200846019,0.0,0.025043062549927525
s__Eubacterium_sp_AF16_48,0.0,0.05722163128409164,0.0,0.006406477859979032
s__Eubacterium_ventriosum,0.0,0.23147984953870002,0.0,0.013726279256660819
s__Faecalibacillus_intestinalis,0.0,0.19513945973727134,0.0,0.018148820911418465
s__Faecalibacterium_SGB15315,0.0,0.25331773764349474,0.0,0.3331833880595019
s__Faecalibacterium_SGB15346,0.0,0.6113905678381014,0.0,1.137641443341671
s__Faecalibacterium_prausnitzii,0.0,8.52959663318519,0.0,5.838527707027583
s__Faecalicatena_fissicatena,0.0,0.30953802617675535,0.0,0.08452995869820591
s__Flavonifractor_plautii,0.0,0.8041230978712925,0.0,0.08750652524263558
s__Fusicatenibacter_saccharivorans,0.0,2.3002472220428802,0.0,0.39347666123646463
s__Fusobacterium_nucleatum,0.17895404883632843,0.0,0.30606060601925034,0.0
s__Fusobacterium_pseudoperiodonticum,0.15764699977781077,0.0,0.9802793467463771,0.0
s__GGB10485_SGB49305,0.18347377284699004,0.0,1.4753419054441153,0.0
s__GGB1088_SGB1395,0.004455925331842526,0.0,0.2800854680749654,0.0
s__GGB1144_SGB1468,1.2409016637845565,0.0,0.2948955776573775,0.0
s__GGB1202_SGB1567,0.2087803124487481,0.0,0.05159082913395865,0.0
s__GGB12785_SGB19823,0.1931431041081747,0.0,0.016438820548366116,0.0
s__GGB13493_SGB15238,0.0,0.000790457978523102,0.0,0.061250952642478367
s__GGB14025_SGB14906,0.0,0.07590075847360721,0.0,0.08553887366186319
s__GGB1420_SGB1957,0.0,0.015617386600704051,0.0,0.36593478111628414
s__GGB16040_SGB9347,0.0,0.3068460934851874,0.0,0.6171241671197354
s__GGB1843_SGB2516,0.00026465341501963655,0.0,0.09747356600658091,0.0
s__GGB1843_SGB2524,0.018445612704067936,0.0,0.09447927992613764,0.0
s__GGB2653_SGB3574,0.0,0.047853787845417606,0.0,0.012889416445238595
s__GGB2998_SGB3989,0.0,0.026446438640923952,0.0,0.07271060730979752
s__GGB3033_SGB4029,0.0,0.036167160175552764,0.0,0.05119331662595015
s__GGB3109_SGB4643,0.0,0.04610973524813356,0.0,0.03912846859265409
s__GGB3175_SGB4191,0.0,0.09618190206935166,0.0,0.9046675669320448
s__GGB3256_SGB4303,0.0,0.908792221939318,0.0,0.36395954359517174
s__GGB3304_SGB4367,0.0,0.09911402887190192,0.0,0.5518134831264253
s__GGB3321_SGB4394,0.0,0.0014437952985355354,0.0,0.0313084770730881
s__GGB3345_SGB9340,0.0,0.1837213284260718,0.0,1.8074393427454165
s__GGB33469_SGB15236,0.0,0.1626853778910185,0.0,0.6142389140703379
s__GGB33469_SGB15237,0.0,0.0024183124381281446,0.0,0.042520163133338056
s__GGB33512_SGB15203,0.0,0.009076135066150029,0.0,0.03916595259348065
s__GGB33928_SGB15225,0.0,0.024354053695825818,0.0,0.21558587211021144
s__GGB34228_SGB72916,0.0,0.0009764886318225156,0.0,0.03539877681899304
s__GGB34540_SGB54300,0.0,0.0006083927267258824,0.0,0.07628178076679784
s__GGB34797_SGB14322,0.0,0.17445486771455793,0.0,0.034003920303364236
s__GGB3510_SGB4687,0.0,0.006426286921261806,0.0,0.008955646280414974
s__GGB3537_SGB4727,0.0,0.009976872386487402,0.0,0.005835692469225328
s__GGB3570_SGB4777,0.0,0.022168428763533938,0.0,0.020700859417112766
s__GGB3612_SGB4882,0.0,0.032697443059143134,0.0,0.032616028510150406
s__GGB3619_SGB4894,0.0,0.00462004849231961,0.0,0.13897339802649672
s__GGB3653_SGB4964,0.0,0.14024614377425124,0.0,0.04700508043072302
s__GGB3746_SGB5089,0.0,0.1519321607079755,0.0,0.03299169925231368
s__GGB3886_SGB5269,0.0860172551840662,0.0,0.02268808084345196,0.0
s__GGB3887_SGB5270,0.21763934673400703,0.0,0.03218170997174161,0.0
s__GGB4538_SGB6256,0.03946851354242869,0.0,0.028278977995712266,0.0
s__GGB45432_SGB63101,0.0,0.02649780149739365,0.0,0.002191695681015971
s__GGB4571_SGB6317,0.0,0.0,0.0,0.06109037192937902
s__GGB47687_SGB2286,0.0,0.057764318791735,0.0,0.8527373633230737
s__GGB4768_SGB6601,0.0,0.0028865218925255504,0.0,1.008405213710293
s__GGB4769_SGB6602,0.0,0.003423351946650254,0.0,0.4166472562432037
s__GGB4964_SGB6927,1.1483601094104667,0.0,0.1870129941309951,0.0
s__GGB51647_SGB4348,0.0,0.7859694887592167,0.0,0.4489066264161365
s__GGB6518_SGB9205,0.0,0.0005867379969415022,0.0,0.19568729881193372
s__GGB6612_SGB9346,0.0,0.24791373487059792,0.0,2.168682637958763
s__GGB77437_SGB9391,0.0,0.006478846643451192,0.0,0.06839864942701049
s__GGB79630_SGB13983,0.0,0.0011739925757957067,0.0,0.36881869015438173
s__GGB79734_SGB15291,0.0,0.11956540416217094,0.0,0.09292577340899143
s__GGB79977_SGB1466,0.038536574150579345,0.0,0.7331449997336184,0.0
s__GGB80011_SGB15265,0.0,0.710291742113538,0.0,0.3323409489433688
s__GGB80011_SGB15267,0.0,0.09489659335911668,0.0,0.17674881427009678
s__GGB80140_SGB15224,0.0,0.014852406341908595,0.0,0.4383161120785113
s__GGB9062_SGB13981,0.0,0.0010612990854708337,0.0,0.10019022978521429
s__GGB9063_SGB13982,0.0,0.0026200320605548892,0.0,0.16833618697532662
s__GGB9092_SGB14022,0.0,0.0,0.0,0.09747984343804346
s__GGB9101_SGB14033,0.0,0.0007696433144360244,0.0,0.027203039261165615
s__GGB9109_SGB14042,0.0,0.001117924741171909,0.0,0.514738555095903
s__GGB9110_SGB14043,0.0,0.00021248227101051557,0.0,0.10753405278878574
s__GGB9117_SGB14050,0.0,0.00026148609680252006,0.0,0.13120691396293918
s__GGB9176_SGB14114,0.0,0.009248402510589391,0.0,0.7126307455209041
s__GGB9261_SGB14209,0.0,0.0013647383886027553,0.0,1.2450407770240115
s__GGB9293_SGB14250,0.0,0.013179939156300158,0.0,0.04445933430451016
s__GGB9296_SGB14253,0.0,0.004993065234797762,0.0,0.07020603066270321
s__GGB9302_SGB14263,0.0,0.01471978182519361,0.0,0.039389863864938424
s__GGB9342_SGB14306,0.0,0.12152551335448122,0.0,0.27817462943440036
s__GGB9345_SGB14311,0.0,0.07117756240511916,0.0,0.2400940376828015
s__GGB9453_SGB14844,0.0,0.06257349814362001,0.0,0.020657539237481124
s__GGB9522_SGB14921,0.0,0.023704179336807425,0.0,0.017483066671296833
s__GGB9524_SGB14924,0.0,0.07928527827469141,0.0,0.02846092118585332
s__GGB9559_SGB14969,0.0,0.02408006305221331,0.0,0.015488138848993848
s__GGB9602_SGB15028,0.0,0.01114251600451995,0.0,0.1385793493525854
s__GGB9602_SGB15031,0.0,0.028540724319085612,0.0,0.537074960573339
s__GGB9608_SGB15041,0.0,0.026860834524105388,0.0,0.03015299552286811
s__GGB9614_SGB15049,0.0,0.02238072682884658,0.0,0.3321413061981749
s__GGB9616_SGB15051,0.0,0.008872136794770865,0.0,0.26196051022410155
s__GGB9618_SGB15065,0.0,0.008226148326234068,0.0,0.049519349547693714
s__GGB9619_SGB15066,0.0,0.0011545068459585198,0.0,0.04744058263337345
s__GGB9619_SGB15067,0.0,0.018865072186745234,0.0,0.08816625274538296
s__GGB9621_SGB15073,0.0,0.027058246832343424,0.0,0.1121404092967984
s__GGB9627_SGB15081,0.0,0.0835717123695203,0.0,0.10207537573504209
s__GGB9634_SGB15093,0.0,0.08001371798783975,0.0,0.29617355943524226
s__GGB9635_SGB15106,0.0,0.23228031882128997,0.0,1.456120585855427
s__GGB9636_SGB15107,0.0,0.023943188129981606,0.0,0.2609275275766105
s__GGB9640_SGB15115,0.0,0.01924666560431044,0.0,0.020490218842249424
s__GGB9641_SGB15117,0.0,0.04521247868831932,0.0,0.003894964020949866
s__GGB9642_SGB15119,0.0,0.1275494877640578,0.0,0.01720236016826168
s__GGB9646_SGB15123,0.0,0.0031600369655748867,0.0,0.018688120490863134
s__GGB9677_SGB15180,0.0,0.0,0.0,0.1361234439376127
s__GGB9699_SGB15216,0.0,0.1387112938210962,0.0,0.18253135054393588
s__GGB9707_SGB15229,0.0,0.027648761344511295,0.0,0.21658988952471978
s__GGB9708_SGB15233,0.0,0.290877900086235,0.0,0.3303314971821348
s__GGB9708_SGB15234,0.0,0.0728166981780239,0.0,0.6992851493604579
s__GGB9712_SGB15244,0.0,0.0017939150504599553,0.0,0.13710650418677792
s__GGB9713_SGB15249,0.0,0.1908487746641444,0.0,2.012753097532357
s__GGB9724_SGB15278,0.0,0.003980248541301507,0.0,0.015354507667653285
s__GGB9747_SGB15356,0.0,0.05362484675795737,0.0,0.40584013664612545
s__GGB9758_SGB15368,0.0,0.04649950020942913,0.0,2.0665169302171917
s__GGB9759_SGB15370,0.0,0.0086558705391286,0.0,0.04788765926344438
s__GGB9760_SGB15373,0.0,0.0664804705844063,0.0,0.12287262997369212
s__GGB9760_SGB15374,0.0,0.0921453464033639,0.0,0.18845973511546654
s__GGB9762_SGB15377,0.0,0.038962006861783686,0.0,0.18537887042446907
s__GGB9767_SGB15385,0.0,0.007232917278743682,0.0,0.060507651372040526
s__GGB9770_SGB15390,0.0,0.026617156297134858,0.0,0.025517933478111963
s__GGB9775_SGB15395,0.0,0.009027626663215268,0.0,0.0635147017915177
s__GGB9787_SGB15410,0.0,0.01277316115236624,0.0,0.007426697936466689
s__GGB9818_SGB15459,0.0,0.015196135315134413,0.0,0.10372953069039775
s__Gordonibacter_pamelaeae,0.0,0.050086889872562455,0.0,0.003185616870298358
s__Granulicatella_SGB8239,0.0063988932809592985,0.0,0.2687476228807148,0.0
s__Granulicatella_SGB8255,1.251839690890108,0.0,0.2483675366975883,0.0
s__Granulicatella_adiacens,0.020094745693295134,0.0,0.11590049112963743,0.0
s__Haemophilus_haemolyticus,0.12627454005694677,0.0,13.911898547268244,0.0
s__Haemophilus_parahaemolyticus,0.2110849934725088,0.0,0.9400985057935543,0.0
s__Haemophilus_parainfluenzae,0.5575399921329992,0.023663076765339058,10.028250489002488,0.023369817124922962
s__Haemophilus_sputorum,0.07982396002325172,0.0,0.6333716816552462,0.0
s__Holdemanella_porci,0.0,0.2907795505030432,0.0,0.01740404515432312
s__Holdemania_filiformis,0.0,0.02129471780116125,0.0,0.007163839539140026
s__Hungatella_hathewayi,0.0,0.1915432898523071,0.0,0.0012367800720584794
s__Hydrogenoanaerobacterium_saccharovorans,0.0,0.03136003694651141,0.0,0.06002895334875335
s__Intestinibacter_bartlettii,0.0,0.11977059332500385,0.0,0.0012076010226388825
s__Isoptericola_variabilis,1.0994047167798773,0.0,0.031054203872864398,0.0
s__Lachnoanaerobaculum_orale,0.5372212679352829,0.0,0.05938103183520074,0.0
s__Lachnoanaerobaculum_sp_ICM7,0.033644480783441164,0.0,0.025141396413856158,0.0
s__Lachnospira_eligens,0.0,0.25247686552118653,0.0,0.08904952156253682
s__Lachnospira_pectinoschiza,0.0,0.13688273665504858,0.0,0.055795036270544336
s__Lachnospira_sp_NSJ_43,0.0,0.009680081893153598,0.0,0.01796127628550735
s__Lacrimispora_amygdalina,0.0,0.15272643608032108,0.0,0.11443617875903923
s__Lacrimispora_celerecrescens,0.0,0.6962816121310742,0.0,0.016040272364250974
s__Lancefieldella_parvula,2.32793611636516,0.0,0.1642628222492312,0.0
s__Lancefieldella_rimae,0.15708980085874577,0.0,0.004414839135853468,0.0
s__Lautropia_mirabilis,0.10908591522520285,0.0,0.632845934885038,0.0
s__Leptotrichia_sp_oral_taxon_215,0.07990460456193603,0.0,0.08976645874722339,0.0
s__Leptotrichia_sp_oral_taxon_221,0.09687880646505874,0.0,0.08051570706733982,0.0
s__Leptotrichia_wadei,0.4934950677376869,0.0,0.2531361587950796,0.0
s__Megasphaera_micronuciformis,1.9543753714829573,0.0,0.20962411017572202,0.0
s__Methylobacterium_SGB15164,0.0,0.017181505870150597,0.0,0.05787405807401149
s__Mogibacterium_diversum,0.5031173279027338,0.0,0.02217590549700396,0.0
s__Neisseria_sicca,0.02430797255999215,0.0,0.5860625490499608,0.0
s__Neisseria_sp_oral_taxon_014,0.020524810241831375,0.0,0.19427506383259663,0.0
s__Neisseria_subflava,3.556813814031439,0.0,2.73083844602897,0.0
s__Odoribacter_splanchnicus,0.0,0.23632026325553007,0.0,0.5036092177556245
s__Oribacterium_SGB5287,0.08708227925729733,0.0,0.02419127141599636,0.0
s__Oribacterium_asaccharolyticum,0.042600863351952054,0.0,0.001964811310413604,0.0
s__Oribacterium_sinus,0.22395148389805,0.0,0.06071241358780991,0.0
s__Oscillibacter_SGB15077,0.0,0.005071430298625505,0.0,0.0351454534067439
s__Oscillibacter_sp_ER4,0.0,0.4454050348399145,0.0,1.8037635267729628
s__Oscillibacter_valericigenes,0.0,0.015340893064341995,0.0,0.08585671376053598
s__Parabacteroides_distasonis,0.0,1.2694654694097838,0.0,1.2218693265310903
s__Parabacteroides_goldsteinii,0.0,0.0495166145170021,0.0,0.025394152273150037
s__Parabacteroides_merdae,0.0,0.2917219823931432,0.0,0.5795973931117334
s__Paraprevotella_clara,0.0,0.10614840774695783,0.0,0.3068535362581382
s__Parasutterella_SGB9260,0.0,0.27537729998012517,0.0,0.20004900726454133
s__Parasutterella_excrementihominis,0.0,0.1067734603859653,0.0,0.27053765204649294
s__Phascolarctobacterium_faecium,0.0,0.4758355208941442,0.0,0.13953551302746434
s__Phocaeicola_dorei,0.0,1.7688371878117137,0.0,1.072678787878467
s__Phocaeicola_massiliensis,0.0,0.26051123158043843,0.0,0.3768470360252782
s__Phocaeicola_vulgatus,0.0,3.439983751440102,0.0,3.0291510039209375
s__Porphyromonas_endodontalis,0.04886233073365794,0.0,0.12106029677469494,0.0
s__Porphyromonas_pasteri,1.5049742182800365,0.0,2.2352457837479585,0.0
s__Prevotella_copri_clade_A,0.0,6.601473744483769,0.0,3.5295831634927155
s__Prevotella_histicola,4.9888998681899475,0.0,1.4267836454278118,0.0
s__Prevotella_jejuni,3.684647198673605,0.0,1.639720887040328,0.0
s__Prevotella_melaninogenica,3.2463910895833656,0.0,1.1735269936345005,0.0
s__Prevotella_nanceiensis,0.10188365285034462,0.0,0.1696618267250606,0.0
s__Prevotella_nigrescens,0.38346399669980746,0.0,0.1437200078239836,0.0
s__Prevotella_oris,0.7981888769614583,0.0,0.07843713251859938,0.0
s__Prevotella_oulorum,0.19047329763883378,0.0,0.04679874931005099,0.0
s__Prevotella_pallens,1.2512183681697695,0.0,0.675909778657091,0.0
s__Prevotella_salivae,1.5482178791333179,0.0,0.6026455140797392,0.0
s__Prevotella_sp_HJM029,0.29267958318644477,0.0,0.0751761247758607,0.0
s__Prevotella_vespertina,2.0698754676609514,0.0,0.8865279668252501,0.0
s__Pseudoflavonifractor_sp_An184,0.0,0.05599586622173604,0.0,0.02813773911456653
s__Rheinheimera_SGB14999,0.0,0.039612178554194445,0.0,0.024109362199282124
s__Romboutsia_timonensis,0.0,0.039951874447789776,0.0,0.004346605024678645
s__Roseburia_faecis,0.0,1.6247302653545108,0.0,0.392316897003953
s__Roseburia_hominis,0.0,0.3633250765216885,0.0,0.25496628007403
s__Roseburia_intestinalis,0.0,0.6568855421696949,0.0,0.1470169534622303
s__Roseburia_inulinivorans,0.0,0.34155449241830177,0.0,0.17658227272767116
s__Roseburia_sp_AF02_12,0.0,0.10047760753437134,0.0,0.14248460141424302
s__Roseburia_sp_AM16_25,0.0,0.04533330573617047,0.0,0.021672927026355985
s__Rothia_aeria,0.04293088870462535,0.0,0.11877529260461721,0.0
s__Rothia_mucilaginosa,7.0828931037981375,0.0,3.2031136772156548,0.0
s__Ruminococcus_bicirculans,0.0,0.6979354112101096,0.0,0.2695294789560398
s__Ruminococcus_bromii,0.0,1.508956443273172,0.0,0.41450149376843554
s__Ruminococcus_callidus,0.0,0.1548378549134898,0.0,0.07335211712340495
s__Ruminococcus_gnavus,0.0,1.9733863028697534,0.0,0.007381917338186068
s__Ruminococcus_lactaris,0.0,0.34400836819204633,0.0,0.06010693994822533
s__Ruminococcus_sp_BSD2780120874_150323_B10,0.0,1.0765432273171618,0.0,0.1374235640367679
s__Ruminococcus_torques,0.0,2.5779884910425297,0.0,0.07701529668075027
s__Ruthenibacterium_lactatiformans,0.0,0.19469171044818895,0.0,0.06659972152489492
s__Sanguibacter_SGB15121,0.0,0.1213898524223034,0.0,0.020103446799593153
s__Selenomonas_SGB5880,1.3404891320454217,0.0,0.13382154321082487,0.0
s__Selenomonas_noxia,0.006953887962050269,0.0,0.021220436125107815,0.0
s__Selenomonas_sputigena,0.17480486915068896,0.0,0.0032258648993595527,0.0
s__Senegalimassilia_anaerobia,0.0,0.082258576757285,0.0,0.007370846577082551
s__Slackia_isoflavoniconvertens,0.0,0.07104002055916825,0.0,0.05780526470121858
s__Solobacterium_SGB6829,0.21109480800173688,0.0,0.029224532590047373,0.0
s__Staphylococcus_SGB6340,0.0,0.018064115344686216,0.0,0.03286525703160222
s__Stomatobaculum_SGB5266,0.17311791668891457,0.0,0.18214148203886854,0.0
s__Stomatobaculum_longum,1.1977586407900205,0.0,0.0432052150678001,0.0
s__Streptococcus_SGB15012,0.0,0.0013699540885443,0.0,0.02410588536517753
s__Streptococcus_australis,0.3116385063725014,0.0,0.3214456961672917,0.0
s__Streptococcus_cristatus,0.03917017411803352,0.0,0.09394774552209732,0.0
s__Streptococcus_gordonii,0.04246539439638393,0.0,0.3146128477635818,0.0
s__Streptococcus_infantis,1.3495500397511295,0.0,0.7079952981298829,0.0
s__Streptococcus_mitis,5.591045654919788,0.0,34.21681651917063,0.0
s__Streptococcus_oralis,0.21494819729905168,0.0,1.8189909835111557,0.0
s__Streptococcus_parasanguinis,5.805199578583248,0.18840089257321718,0.6926964381551837,0.0028674849506752395
s__Streptococcus_salivarius,8.189116668085525,0.638578201590283,1.1813289664699513,0.0030129576951623514
s__Streptococcus_sanguinis,0.11121007488593398,0.0,1.0004819794345623,0.0
s__Streptococcus_thermophilus,0.0,0.8222271227225079,0.0,0.027873623240118748
s__Streptococcus_vestibularis,0.21636258023023233,0.0,0.3296632351343236,0.0
s__Sutterella_wadsworthensis,0.0,0.7700630242311514,0.0,2.975911234816104
s__Tannerella_serpentiformis,0.43439428371757993,0.0,0.0495053723160759,0.0
s__Veillonella_atypica,5.747753687620559,0.0,1.5226205068629741,0.0
s__Veillonella_dispar,2.3227473117754363,0.017927339281804452,0.9311793012296123,0.005448458189053086
s__Veillonella_parvula,0.13636806861183443,0.0,0.8931057688609414,0.0
s__Veillonella_rogosae,0.6745017037849551,0.0,1.3775665578722356,0.0
s__Vescimonas_SGB15087,0.0,0.09340254778625076,0.0,0.12125332379270033
s__Vescimonas_coprocola,0.0,0.34218496970329426,0.0,0.28746831297678527
s__Victivallis_lenta,0.0,0.0024743002112983894,0.0,0.4015892572305242
s__Victivallis_vadensis,0.0,0.002154317844133278,0.0,0.29219542455345915
s__Waltera_intestinalis,0.0,0.15840923433868292,0.0,0.7226434827891589
