term,Df,SumOfSqs,R2,F,p,covars_used
disease,1,16578.11237947503,0.04582171291550814,7.193531506602192,0.001,"Age, Sex, BMI, Smoking, Antibiotics_3m, Immuno_ongoing, Steroids_ongoing, PPI_use"
Age,1,3452.0383044079645,0.009541394372121405,1.4978995036552318,0.037,"Age, Sex, BMI, Smoking, Antibiotics_3m, Immuno_ongoing, Steroids_ongoing, PPI_use"
Sex,1,2102.6238126913668,0.005811628158205663,0.9123650688876761,0.551,"Age, Sex, BMI, Smoking, Antibiotics_3m, Immuno_ongoing, Steroids_ongoing, PPI_use"
BMI,1,2426.1094364324817,0.006705738720618731,1.0527311113567561,0.306,"Age, Sex, BMI, Smoking, Antibiotics_3m, Immuno_ongoing, Steroids_ongoing, PPI_use"
Smoking,1,2394.9404822789365,0.006619588088000953,1.0392063596480536,0.341,"Age, Sex, BMI, Smoking, Antibiotics_3m, Immuno_ongoing, Steroids_ongoing, PPI_use"
Antibiotics_3m,1,2063.830262563948,0.0057044032295634406,0.8955318722783904,0.59,"Age, Sex, BMI, Smoking, Antibiotics_3m, Immuno_ongoing, Steroids_ongoing, PPI_use"
Immuno_ongoing,1,2985.7084539093194,0.00825246400149996,1.2955508649655645,0.099,"Age, Sex, BMI, Smoking, Antibiotics_3m, Immuno_ongoing, Steroids_ongoing, PPI_use"
Steroids_ongoing,1,2272.6576961881947,0.006281599866513466,0.986145730408508,0.401,"Age, Sex, BMI, Smoking, Antibiotics_3m, Immuno_ongoing, Steroids_ongoing, PPI_use"
PPI_use,1,2933.717667379009,0.008108762062454544,1.272991157780695,0.121,"Age, Sex, BMI, Smoking, Antibiotics_3m, Immuno_ongoing, Steroids_ongoing, PPI_use"
Residual,130,299596.1868456074,0.828080432197859,NA,NA,"Age, Sex, BMI, Smoking, Antibiotics_3m, Immuno_ongoing, Steroids_ongoing, PPI_use"
Total,139,361795.9985486323,1,NA,NA,"Age, Sex, BMI, Smoking, Antibiotics_3m, Immuno_ongoing, Steroids_ongoing, PPI_use"
