site,metric,covariate,term,Df,SumOfSqs,R2,F,p
oral,bray,Age,disease,1,0.668076302572695,0.06383277885845684,3.1311339077054425,0.002
oral,bray,Age,Age,1,0.2786049049343884,0.026619901375147297,1.3057629215911193,0.185
oral,bray,Sex,disease,1,0.5832782699001946,0.05573056950546617,2.7269998042152404,0.004
oral,bray,Sex,Sex,1,0.25500279660924896,0.024364787467483984,1.1922140979926272,0.247
oral,bray,BMI,disease,1,0.7060421259657552,0.06746030463582078,3.325361338906268,0.001
oral,bray,BMI,BMI,1,0.32563841326494014,0.031113818499044703,1.533712154147776,0.11
oral,bray,Smoking,disease,1,0.5954418375763932,0.056892763588110164,2.7937749622782864,0.004
oral,bray,Smoking,Smoking,1,0.2891336773934903,0.027625895453136214,1.3565966945507852,0.194
oral,bray,Antibiotics_3m,disease,1,0.62440078752382,0.05965970838296175,2.9070181459235944,0.003
oral,bray,Antibiotics_3m,Antibiotics_3m,1,0.21447091471410396,0.02049208214360617,0.9985106574244148,0.415
oral,bray,Immuno_ongoing,disease,1,0.5886358662040383,0.05624247250031746,2.7134734531220817,0.002
oral,bray,Immuno_ongoing,Immuno_ongoing,1,0.11817311739144465,0.011291103187486193,0.5447503886948243,0.889
oral,bray,Steroids_ongoing,disease,1,0.5690804556268887,0.054374008981928124,2.622321099290586,0.008
oral,bray,Steroids_ongoing,Steroids_ongoing,1,0.1144263380783439,0.01093310914638102,0.5272762360584946,0.893
oral,bray,PPI_use,disease,1,0.5743742548250399,0.05487981634590043,2.7129848124685285,0.005
oral,bray,PPI_use,PPI_use,1,0.3529707674147389,0.03372534672030695,1.6672131858229677,0.078
