feature,weight
g__Lancefieldella|s__Lancefieldella_rimae,0.21810761017643399
g__Streptococcus|s__Streptococcus_oralis,0.1864598936158433
g__Haemophilus|s__Haemophilus_parahaemolyticus,-0.18067472704998888
g__Solobacterium|s__Solobacterium_SGB6829,0.13074973675723958
g__Prevotella|s__Prevotella_nanceiensis,0.13065251137635564
g__Actinomyces|s__Actinomyces_SGB17168,-0.12469026738013862
g__Neisseria|s__Neisseria_sp_oral_taxon_014,-0.09897887442696035
g__Stomatobaculum|s__Stomatobaculum_SGB5266,-0.0948151493819778
g__Capnocytophaga|s__Capnocytophaga_gingivalis,0.08980765069122264
g__Granulicatella|s__Granulicatella_adiacens,0.08950438137316051
g__GGB12785|s__GGB12785_SGB19823,0.08265451517418636
g__Rothia|s__Rothia_mucilaginosa,-0.07698620288502493
g__Actinomyces|s__Actinomyces_sp_ph3,0.0667925448508917
g__Alloprevotella|s__Alloprevotella_SGB1484,0.06077411858319103
g__Leptotrichia|s__Leptotrichia_sp_oral_taxon_221,-0.05494651264904047
g__GGB1202|s__GGB1202_SGB1567,0.05203353116341542
g__Alloprevotella|s__Alloprevotella_tannerae,0.038182544276799874
g__Alloprevotella|s__Alloprevotella_SGB1483,0.022867668666932905
g__Actinomyces|s__Actinomyces_SGB17154,0.011700371102705701
g__GGB1843|s__GGB1843_SGB2524,0.0017093617865000775
g__Granulicatella|s__Granulicatella_SGB8239,0.0
g__Granulicatella|s__Granulicatella_SGB8255,0.0
g__GGB9762|s__GGB9762_SGB15377,0.0
g__Gordonibacter|s__Gordonibacter_pamelaeae,0.0
g__GGB9760|s__GGB9760_SGB15374,0.0
g__GGB9818|s__GGB9818_SGB15459,0.0
g__GGB9787|s__GGB9787_SGB15410,0.0
g__GGB9775|s__GGB9775_SGB15395,0.0
g__GGB9760|s__GGB9760_SGB15373,0.0
g__GGB9770|s__GGB9770_SGB15390,0.0
g__GGB9767|s__GGB9767_SGB15385,0.0
g__GGB9759|s__GGB9759_SGB15370,0.0
g__Haemophilus|s__Haemophilus_parainfluenzae,0.0
g__Haemophilus|s__Haemophilus_haemolyticus,0.0
g__Haemophilus|s__Haemophilus_sputorum,0.0
g__Leptotrichia|s__Leptotrichia_sp_oral_taxon_215,0.0
g__Lautropia|s__Lautropia_mirabilis,0.0
g__Lancefieldella|s__Lancefieldella_parvula,0.0
g__Lacrimispora|s__Lacrimispora_celerecrescens,0.0
g__Lacrimispora|s__Lacrimispora_amygdalina,0.0
g__Lachnospira|s__Lachnospira_sp_NSJ_43,0.0
g__Lachnospira|s__Lachnospira_pectinoschiza,0.0
g__Lachnospira|s__Lachnospira_eligens,0.0
g__Lachnoclostridium|s__Clostridium_symbiosum,0.0
g__Lachnoanaerobaculum|s__Lachnoanaerobaculum_sp_ICM7,0.0
g__Lachnoanaerobaculum|s__Lachnoanaerobaculum_orale,0.0
g__Isoptericola|s__Isoptericola_variabilis,0.0
g__Intestinibacter|s__Intestinibacter_bartlettii,0.0
g__Hydrogenoanaerobacterium|s__Hydrogenoanaerobacterium_saccharovorans,0.0
g__Hungatella|s__Hungatella_hathewayi,0.0
g__Holdemania|s__Holdemania_filiformis,0.0
g__Holdemanella|s__Holdemanella_porci,0.0
g__GGB9758|s__GGB9758_SGB15368,0.0
g__Abiotrophia|s__Abiotrophia_defectiva,0.0
g__GGB9747|s__GGB9747_SGB15356,0.0
g__GGB9342|s__GGB9342_SGB14306,0.0
g__GGB9608|s__GGB9608_SGB15041,0.0
g__GGB9602|s__GGB9602_SGB15031,0.0
g__GGB9602|s__GGB9602_SGB15028,0.0
g__GGB9559|s__GGB9559_SGB14969,0.0
g__GGB9524|s__GGB9524_SGB14924,0.0
g__GGB9522|s__GGB9522_SGB14921,0.0
g__GGB9453|s__GGB9453_SGB14844,0.0
g__GGB9345|s__GGB9345_SGB14311,0.0
g__GGB9302|s__GGB9302_SGB14263,0.0
g__GGB9724|s__GGB9724_SGB15278,0.0
g__GGB9296|s__GGB9296_SGB14253,0.0
g__GGB9293|s__GGB9293_SGB14250,0.0
g__GGB9261|s__GGB9261_SGB14209,0.0
g__GGB9176|s__GGB9176_SGB14114,0.0
g__GGB9117|s__GGB9117_SGB14050,0.0
g__GGB9110|s__GGB9110_SGB14043,0.0
g__GGB9109|s__GGB9109_SGB14042,0.0
g__GGB9101|s__GGB9101_SGB14033,0.0
g__GGB9614|s__GGB9614_SGB15049,0.0
g__GGB9616|s__GGB9616_SGB15051,0.0
g__GGB9618|s__GGB9618_SGB15065,0.0
g__GGB9619|s__GGB9619_SGB15066,0.0
g__GGB9713|s__GGB9713_SGB15249,0.0
g__GGB9712|s__GGB9712_SGB15244,0.0
g__Leptotrichia|s__Leptotrichia_wadei,0.0
g__GGB9708|s__GGB9708_SGB15233,0.0
g__GGB9707|s__GGB9707_SGB15229,0.0
g__GGB9699|s__GGB9699_SGB15216,0.0
g__GGB9677|s__GGB9677_SGB15180,0.0
g__GGB9646|s__GGB9646_SGB15123,0.0
g__GGB9642|s__GGB9642_SGB15119,0.0
g__GGB9641|s__GGB9641_SGB15117,0.0
g__GGB9640|s__GGB9640_SGB15115,0.0
g__GGB9636|s__GGB9636_SGB15107,0.0
g__GGB9635|s__GGB9635_SGB15106,0.0
g__GGB9634|s__GGB9634_SGB15093,0.0
g__GGB9627|s__GGB9627_SGB15081,0.0
g__GGB9621|s__GGB9621_SGB15073,0.0
g__GGB9619|s__GGB9619_SGB15067,0.0
g__GGB9708|s__GGB9708_SGB15234,0.0
g__Neisseria|s__Neisseria_sicca,0.0
g__Mediterraneibacter|s__Ruminococcus_gnavus,0.0
g__Streptococcus|s__Streptococcus_australis,0.0
g__Stomatobaculum|s__Stomatobaculum_longum,0.0
g__Staphylococcus|s__Staphylococcus_SGB6340,0.0
g__Slackia|s__Slackia_isoflavoniconvertens,0.0
g__Senegalimassilia|s__Senegalimassilia_anaerobia,0.0
g__Selenomonas|s__Selenomonas_sputigena,0.0
g__Selenomonas|s__Selenomonas_noxia,0.0
g__Selenomonas|s__Selenomonas_SGB5880,0.0
g__Sanguibacter|s__Sanguibacter_SGB15121,0.0
g__Ruthenibacterium|s__Ruthenibacterium_lactatiformans,0.0
g__Ruminococcus|s__Ruminococcus_sp_BSD2780120874_150323_B10,0.0
g__Ruminococcus|s__Ruminococcus_callidus,0.0
g__Ruminococcus|s__Ruminococcus_bromii,0.0
g__Ruminococcus|s__Ruminococcus_bicirculans,0.0
g__Rothia|s__Rothia_aeria,0.0
g__Roseburia|s__Roseburia_sp_AM16_25,0.0
g__Roseburia|s__Roseburia_sp_AF02_12,0.0
g__Roseburia|s__Roseburia_inulinivorans,0.0
g__Streptococcus|s__Streptococcus_SGB15012,0.0
g__Streptococcus|s__Streptococcus_cristatus,0.0
g__Roseburia|s__Roseburia_hominis,0.0
g__Streptococcus|s__Streptococcus_gordonii,0.0
g__Victivallis|s__Victivallis_vadensis,0.0
g__Victivallis|s__Victivallis_lenta,0.0
g__Vescimonas|s__Vescimonas_coprocola,0.0
g__Vescimonas|s__Vescimonas_SGB15087,0.0
g__Veillonella|s__Veillonella_rogosae,0.0
g__Veillonella|s__Veillonella_parvula,0.0
g__Veillonella|s__Veillonella_dispar,0.0
g__Veillonella|s__Veillonella_atypica,0.0
g__Tannerella|s__Tannerella_serpentiformis,0.0
g__Sutterella|s__Sutterella_wadsworthensis,0.0
g__Streptococcus|s__Streptococcus_vestibularis,0.0
g__Streptococcus|s__Streptococcus_thermophilus,0.0
g__Streptococcus|s__Streptococcus_sanguinis,0.0
g__Streptococcus|s__Streptococcus_salivarius,0.0
g__Streptococcus|s__Streptococcus_parasanguinis,0.0
g__Streptococcus|s__Streptococcus_mitis,0.0
g__Streptococcus|s__Streptococcus_infantis,0.0
g__Roseburia|s__Roseburia_intestinalis,0.0
g__Roseburia|s__Roseburia_faecis,0.0
g__Mediterraneibacter|s__Ruminococcus_lactaris,0.0
g__Parasutterella|s__Parasutterella_excrementihominis,0.0
g__Paraprevotella|s__Paraprevotella_clara,0.0
g__Parabacteroides|s__Parabacteroides_merdae,0.0
g__Parabacteroides|s__Parabacteroides_goldsteinii,0.0
g__Parabacteroides|s__Parabacteroides_distasonis,0.0
g__Oscillibacter|s__Oscillibacter_valericigenes,0.0
g__Oscillibacter|s__Oscillibacter_sp_ER4,0.0
g__Oscillibacter|s__Oscillibacter_SGB15077,0.0
g__Oribacterium|s__Oribacterium_sinus,0.0
g__Oribacterium|s__Oribacterium_asaccharolyticum,0.0
g__Oribacterium|s__Oribacterium_SGB5287,0.0
g__Odoribacter|s__Odoribacter_splanchnicus,0.0
g__Neisseria|s__Neisseria_subflava,0.0
g__GGB9063|s__GGB9063_SGB13982,0.0
g__Mogibacterium|s__Mogibacterium_diversum,0.0
g__Methylobacterium|s__Methylobacterium_SGB15164,0.0
g__Megasphaera|s__Megasphaera_micronuciformis,0.0
g__Mediterraneibacter|s__Ruminococcus_torques,0.0
g__Parasutterella|s__Parasutterella_SGB9260,0.0
g__Phascolarctobacterium|s__Phascolarctobacterium_faecium,0.0
g__Romboutsia|s__Romboutsia_timonensis,0.0
g__Phocaeicola|s__Phocaeicola_dorei,0.0
g__Rheinheimera|s__Rheinheimera_SGB14999,0.0
g__Pseudoflavonifractor|s__Pseudoflavonifractor_sp_An184,0.0
g__Prevotella|s__Prevotella_vespertina,0.0
g__Prevotella|s__Prevotella_sp_HJM029,0.0
g__Prevotella|s__Prevotella_salivae,0.0
g__Prevotella|s__Prevotella_pallens,0.0
g__Prevotella|s__Prevotella_oulorum,0.0
g__Prevotella|s__Prevotella_oris,0.0
g__Prevotella|s__Prevotella_nigrescens,0.0
g__Prevotella|s__Prevotella_melaninogenica,0.0
g__Prevotella|s__Prevotella_jejuni,0.0
g__Prevotella|s__Prevotella_histicola,0.0
g__Prevotella|s__Prevotella_copri_clade_A,0.0
g__Porphyromonas|s__Porphyromonas_pasteri,0.0
g__Porphyromonas|s__Porphyromonas_endodontalis,0.0
g__Phocaeicola|s__Phocaeicola_vulgatus,0.0
g__Phocaeicola|s__Phocaeicola_massiliensis,0.0
g__GGB9092|s__GGB9092_SGB14022,0.0
g__GGB79734|s__GGB79734_SGB15291,0.0
g__GGB9062|s__GGB9062_SGB13981,0.0
g__Blautia|s__Blautia_wexlerae,0.0
g__Candidatus_Nanosynsacchari|s__Candidatus_Nanosynsacchari_sp_TM7_ANC_38_39_G1_1,0.0
g__Candidatus_Cibionibacter|s__Candidatus_Cibionibacter_quicibialis,0.0
g__Candidatus_Borkfalkia|s__Candidatus_Borkfalkia_ceftriaxoniphila,0.0
g__Campylobacter|s__Campylobacter_concisus,0.0
g__Butyricimonas|s__Butyricimonas_virosa,0.0
g__Butyricimonas|s__Butyricimonas_paravirosa,0.0
g__Butyricimonas|s__Butyricimonas_SGB15260,0.0
g__Butyricicoccus|s__Butyricicoccus_sp_AM29_23AC,0.0
g__Blautia|s__Blautia_sp_MSK_20_85,0.0
g__Bifidobacterium|s__Bifidobacterium_bifidum,0.0
g__Blautia|s__Blautia_obeum,0.0
g__Blautia|s__Blautia_massiliensis,0.0
g__Blautia|s__Blautia_luti,0.0
g__Blautia|s__Blautia_glucerasea,0.0
g__Blautia|s__Blautia_faecis,0.0
g__Blautia|s__Blautia_SGB4815,0.0
g__Bittarella|s__Bittarella_massiliensis,0.0
g__Bilophila|s__Bilophila_wadsworthia,0.0
g__Capnocytophaga|s__Capnocytophaga_leadbetteri,0.0
g__Catonella|s__Catonella_massiliensis,0.0
g__Clostridium|s__Clostridium_SGB4648,0.0
g__Clostridium|s__Clostridium_SGB4750,0.0
g__Coprococcus|s__Coprococcus_SGB4669,0.0
g__Coprobacter|s__Coprobacter_fastidiosus,0.0
g__Collinsella|s__Collinsella_bouchesdurhonensis,0.0
g__Collinsella|s__Collinsella_aerofaciens,0.0
g__Collinsella|s__Collinsella_SGB14861,0.0
g__Clostridium|s__Clostridium_sp_AM49_4BH,0.0
g__Clostridium|s__Clostridium_sp_AM33_3,0.0
g__Clostridium|s__Clostridium_sp_AM22_11AC,0.0
g__Clostridium|s__Clostridium_sp_AF36_4,0.0
g__Clostridium|s__Clostridium_sp_AF34_13,0.0
g__Clostridium|s__Clostridium_sp_AF34_10BH,0.0
g__Clostridium|s__Clostridium_sp_AF27_2AA,0.0
g__Clostridium|s__Clostridium_sp_AF20_17LB,0.0
g__Clostridium|s__Clostridium_sp_1001270H_150608_G6,0.0
g__Clostridium|s__Clostridium_fessum,0.0
g__Clostridium|s__Clostridium_butyricum,0.0
g__Clostridium|s__Clostridium_SGB4909,0.0
g__Bifidobacterium|s__Bifidobacterium_longum,0.0
g__Bifidobacterium|s__Bifidobacterium_adolescentis,0.0
g__GGB80140|s__GGB80140_SGB15224,0.0
g__Adlercreutzia|s__Adlercreutzia_equolifaciens,0.0
g__Alistipes|s__Alistipes_indistinctus,0.0
g__Alistipes|s__Alistipes_ihumii,0.0
g__Alistipes|s__Alistipes_finegoldii,0.0
g__Alistipes|s__Alistipes_dispar,0.0
g__Alistipes|s__Alistipes_communis,0.0
g__Akkermansia|s__Akkermansia_muciniphila,0.0
g__Aggregatibacter|s__Aggregatibacter_sp_2125159857,0.0
g__Agathobaculum|s__Agathobaculum_butyriciproducens,0.0
g__Actinomyces|s__Actinomyces_sp_ICM58,0.0
g__Barnesiella|s__Barnesiella_intestinihominis,0.0
g__Actinomyces|s__Actinomyces_sp_ICM47,0.0
g__Actinomyces|s__Actinomyces_sp_HMSC035G02,0.0
g__Actinomyces|s__Actinomyces_oris,0.0
g__Actinomyces|s__Actinomyces_naeslundii,0.0
g__Actinomyces|s__Actinomyces_graevenitzii,0.0
g__Actinomyces|s__Actinomyces_dentalis,0.0
g__Actinomyces|s__Actinomyces_SGB17163,0.0
g__Actinomyces|s__Actinomyces_SGB17157,0.0
g__Alistipes|s__Alistipes_onderdonkii,0.0
g__Alistipes|s__Alistipes_putredinis,0.0
g__Alistipes|s__Alistipes_senegalensis,0.0
g__Alistipes|s__Alistipes_shahii,0.0
g__Bacteroides|s__Bacteroides_xylanisolvens,0.0
g__Bacteroides|s__Bacteroides_uniformis,0.0
g__Bacteroides|s__Bacteroides_thetaiotaomicron,0.0
g__Bacteroides|s__Bacteroides_stercoris,0.0
g__Bacteroides|s__Bacteroides_ovatus,0.0
g__Bacteroides|s__Bacteroides_nordii,0.0
g__Bacteroides|s__Bacteroides_fragilis,0.0
g__Bacteroides|s__Bacteroides_finegoldii,0.0
g__Bacteroides|s__Bacteroides_eggerthii,0.0
g__Bacteroides|s__Bacteroides_cellulosilyticus,0.0
g__Bacteroides|s__Bacteroides_caccae,0.0
g__Anaerotignum|s__Anaerotignum_faecicola,0.0
g__Anaerostipes|s__Anaerostipes_hadrus,0.0
g__Anaeromassilibacillus|s__Anaeromassilibacillus_sp_An250,0.0
g__Anaerobutyricum|s__Anaerobutyricum_soehngenii,0.0
g__Anaerobutyricum|s__Anaerobutyricum_hallii,0.0
g__Alistipes|s__Alistipes_sp_AF17_16,0.0
g__Coprococcus|s__Coprococcus_catus,0.0
g__Coprococcus|s__Coprococcus_comes,0.0
g__Coprococcus|s__Coprococcus_eutactus,0.0
g__GGB33512|s__GGB33512_SGB15203,0.0
g__GGB3612|s__GGB3612_SGB4882,0.0
g__GGB3570|s__GGB3570_SGB4777,0.0
g__GGB3537|s__GGB3537_SGB4727,0.0
g__GGB3510|s__GGB3510_SGB4687,0.0
g__GGB34797|s__GGB34797_SGB14322,0.0
g__GGB34540|s__GGB34540_SGB54300,0.0
g__GGB34228|s__GGB34228_SGB72916,0.0
g__GGB33928|s__GGB33928_SGB15225,0.0
g__GGB33469|s__GGB33469_SGB15237,0.0
g__Corynebacterium|s__Corynebacterium_matruchotii,0.0
g__GGB33469|s__GGB33469_SGB15236,0.0
g__GGB3345|s__GGB3345_SGB9340,0.0
g__GGB3321|s__GGB3321_SGB4394,0.0
g__GGB3304|s__GGB3304_SGB4367,0.0
g__GGB3256|s__GGB3256_SGB4303,0.0
g__GGB3175|s__GGB3175_SGB4191,0.0
g__GGB3109|s__GGB3109_SGB4643,0.0
g__GGB3033|s__GGB3033_SGB4029,0.0
g__GGB3619|s__GGB3619_SGB4894,0.0
g__GGB3653|s__GGB3653_SGB4964,0.0
g__GGB3746|s__GGB3746_SGB5089,0.0
g__GGB3886|s__GGB3886_SGB5269,0.0
g__GGB80011|s__GGB80011_SGB15267,0.0
g__GGB80011|s__GGB80011_SGB15265,0.0
g__GGB79977|s__GGB79977_SGB1466,0.0
g__Actinomyces|s__Actinomyces_SGB17132,0.0
g__GGB79630|s__GGB79630_SGB13983,0.0
g__GGB77437|s__GGB77437_SGB9391,0.0
g__GGB6612|s__GGB6612_SGB9346,0.0
g__GGB6518|s__GGB6518_SGB9205,0.0
g__GGB51647|s__GGB51647_SGB4348,0.0
g__GGB4964|s__GGB4964_SGB6927,0.0
g__GGB4769|s__GGB4769_SGB6602,0.0
g__GGB4768|s__GGB4768_SGB6601,0.0
g__GGB47687|s__GGB47687_SGB2286,0.0
g__GGB4571|s__GGB4571_SGB6317,0.0
g__GGB45432|s__GGB45432_SGB63101,0.0
g__GGB4538|s__GGB4538_SGB6256,0.0
g__GGB3887|s__GGB3887_SGB5270,0.0
g__GGB2998|s__GGB2998_SGB3989,0.0
g__GGB2653|s__GGB2653_SGB3574,0.0
g__GGB1843|s__GGB1843_SGB2516,0.0
g__Escherichia|s__Escherichia_coli,0.0
g__Enterocloster|s__Enterocloster_lavalensis,0.0
g__Enterocloster|s__Enterocloster_clostridioformis,0.0
g__Enterocloster|s__Enterocloster_bolteae,0.0
g__Enterocloster|s__Enterocloster_aldenensis,0.0
g__Enterocloster|s__Enterocloster_SGB14313,0.0
g__Ellagibacter|s__Ellagibacter_isourolithinifaciens,0.0
g__Eggerthella|s__Eggerthella_lenta,0.0
g__Dysosmobacter|s__Dysosmobacter_welbionis,0.0
g__Dysosmobacter|s__Dysosmobacter_sp_BX15,0.0
g__Dorea|s__Dorea_sp_AF36_15AT,0.0
g__Dorea|s__Dorea_sp_AF24_7LB,0.0
g__Dorea|s__Dorea_longicatena,0.0
g__Dorea|s__Dorea_formicigenerans,0.0
g__Dialister|s__Dialister_invisus,0.0
g__Desulfovibrio|s__Desulfovibrio_piger,0.0
g__Desulfovibrio|s__Desulfovibrio_SGB5077,0.0
g__Cutibacterium|s__Cutibacterium_acnes,0.0
g__Erysipelatoclostridium|s__Erysipelatoclostridium_ramosum,0.0
g__Eubacterium|s__Eubacterium_SGB6276,0.0
g__GGB16040|s__GGB16040_SGB9347,0.0
g__Eubacterium|s__Eubacterium_ramulus,0.0
g__GGB1420|s__GGB1420_SGB1957,0.0
g__GGB14025|s__GGB14025_SGB14906,0.0
g__GGB13493|s__GGB13493_SGB15238,0.0
g__GGB1144|s__GGB1144_SGB1468,0.0
g__GGB1088|s__GGB1088_SGB1395,0.0
g__GGB10485|s__GGB10485_SGB49305,0.0
g__Fusobacterium|s__Fusobacterium_pseudoperiodonticum,0.0
g__Fusobacterium|s__Fusobacterium_nucleatum,0.0
g__Fusicatenibacter|s__Fusicatenibacter_saccharivorans,0.0
g__Flavonifractor|s__Flavonifractor_plautii,0.0
g__Faecalicatena|s__Faecalicatena_fissicatena,0.0
g__Faecalibacterium|s__Faecalibacterium_prausnitzii,0.0
g__Faecalibacterium|s__Faecalibacterium_SGB15346,0.0
g__Faecalibacterium|s__Faecalibacterium_SGB15315,0.0
g__Faecalibacillus|s__Faecalibacillus_intestinalis,0.0
g__Eubacterium|s__Eubacterium_ventriosum,0.0
g__Eubacterium|s__Eubacterium_sp_AF16_48,0.0
g__Waltera|s__Waltera_intestinalis,0.0
