genus,O.C.,F.C.,O.H.,F.H.
g__Abiotrophia,0.0037836761339418495,0.0,0.08180735750731358,0.0
g__Actinomyces,18.821042794463605,0.03505285390870798,3.845027143493991,0.0001001491220427219
g__Adlercreutzia,0.0,0.11808681132030091,0.0,0.05345158855912286
g__Agathobaculum,0.0,0.5309921018910981,0.0,0.09578448530170863
g__Aggregatibacter,0.01608471595013216,0.0,0.43413635284458907,0.0
g__Akkermansia,0.0,2.280734914577341,0.0,0.9450440107372821
g__Alistipes,0.0,2.6393256124720286,0.0,22.80376800023323
g__Alloprevotella,1.4059517003368665,0.0,0.4809407532956345,0.0
g__Anaerobutyricum,0.0,0.8034386991555343,0.0,0.009788651117415703
g__Anaeromassilibacillus,0.0,0.021722763658341807,0.0,0.02224662789835481
g__Anaerostipes,0.0,1.6050016173272863,0.0,0.02999890636751519
g__Anaerotignum,0.0,0.3888490384071456,0.0,0.17926190437789116
g__Bacteroides,0.0,6.866243769520396,0.0,9.637930232452335
g__Barnesiella,0.0,0.5703050107098505,0.0,0.8311161175945694
g__Bifidobacterium,0.0,5.503365837963331,0.0,0.8671743173816933
g__Bilophila,0.0,0.3502010954000345,0.0,0.48922655146225186
g__Bittarella,0.0,0.018173836082285996,0.0,0.0004277235196088605
g__Blautia,0.0,7.974624642530079,0.0,0.20292723446335084
g__Butyricicoccus,0.0,0.039212715664859774,0.0,0.11480956538285357
g__Butyricimonas,0.0,0.11363583252974793,0.0,0.2278662726911058
g__Campylobacter,0.5014933700804816,0.0,0.21507944560356776,0.0
g__Candidatus_Borkfalkia,0.0,0.0026385204738075493,0.0,0.12520986956225702
g__Candidatus_Cibionibacter,0.0,2.1540498151486664,0.0,1.668220545927413
g__Candidatus_Nanosynsacchari,0.023334085902382343,0.0,0.09210902693241052,0.0
g__Capnocytophaga,0.26516927420275505,0.0,0.2277548615673129,0.0
g__Catonella,0.04830872060710829,0.0,0.005561559868304247,0.0
g__Clostridium,0.0,2.4406699795759366,0.0,1.360879271048991
g__Collinsella,0.0,3.9101961221310573,0.0,0.4950660548811787
g__Coprobacter,0.0,0.18483064158698143,0.0,0.06480352356588702
g__Coprococcus,0.0,1.1558076410711016,0.0,0.27448110393023717
g__Corynebacterium,0.02152670214127076,0.0,0.11092336844085451,0.0
g__Cutibacterium,0.004337673392159941,0.0,0.08226673319213454,0.0
g__Desulfovibrio,0.0,0.22810598425266224,0.0,0.3974631387680954
g__Dialister,0.0460968804701638,0.9101183510432984,0.04554326899989205,0.13386635869701616
g__Dorea,0.0,2.3633768233928927,0.0,0.05867416511672283
g__Dysosmobacter,0.0,0.4963660247283386,0.0,2.0535451618366967
g__Eggerthella,0.0,0.6558585109245422,0.0,0.008966754192531465
g__Ellagibacter,0.0,0.06045462841751999,0.0,0.04524892809053976
g__Enterocloster,0.0,1.139053773007397,0.0,0.24252965115987843
g__Erysipelatoclostridium,0.0,0.23171570249077547,0.0,0.00022412700300870314
g__Escherichia,0.0,1.003997522326805,0.0,0.07572835148629854
g__Eubacterium,0.0,0.6083371112338234,0.0,0.08404971757480979
g__Faecalibacillus,0.0,0.19513945973727134,0.0,0.018148820911418465
g__Faecalibacterium,0.0,9.394304938666782,0.0,7.309352538428758
g__Faecalicatena,0.0,0.30953802617675535,0.0,0.08452995869820591
g__Flavonifractor,0.0,0.8041230978712925,0.0,0.08750652524263558
g__Fusicatenibacter,0.0,2.3002472220428802,0.0,0.3934766612364647
g__Fusobacterium,0.33660104861413925,0.0,1.2863399527656276,0.0
g__GGB10485,0.18347377284699004,0.0,1.475341905444115,0.0
g__GGB1088,0.004455925331842527,0.0,0.28008546807496537,0.0
g__GGB1144,1.2409016637845565,0.0,0.2948955776573775,0.0
g__GGB1202,0.20878031244874806,0.0,0.05159082913395865,0.0
g__GGB12785,0.1931431041081747,0.0,0.016438820548366116,0.0
g__GGB13493,0.0,0.0007904579785231022,0.0,0.061250952642478367
g__GGB14025,0.0,0.07590075847360718,0.0,0.08553887366186319
g__GGB1420,0.0,0.015617386600704051,0.0,0.365934781116284
g__GGB16040,0.0,0.3068460934851874,0.0,0.6171241671197355
g__GGB1843,0.018710266119087576,0.0,0.1919528459327185,0.0
g__GGB2653,0.0,0.0478537878454176,0.0,0.012889416445238595
g__GGB2998,0.0,0.026446438640923952,0.0,0.07271060730979755
g__GGB3033,0.0,0.036167160175552764,0.0,0.05119331662595015
g__GGB3109,0.0,0.04610973524813356,0.0,0.03912846859265409
g__GGB3175,0.0,0.09618190206935166,0.0,0.9046675669320449
g__GGB3256,0.0,0.908792221939318,0.0,0.36395954359517174
g__GGB3304,0.0,0.09911402887190192,0.0,0.5518134831264253
g__GGB3321,0.0,0.0014437952985355354,0.0,0.0313084770730881
g__GGB3345,0.0,0.1837213284260718,0.0,1.8074393427454165
g__GGB33469,0.0,0.16510369032914665,0.0,0.6567590772036761
g__GGB33512,0.0,0.009076135066150029,0.0,0.03916595259348065
g__GGB33928,0.0,0.024354053695825818,0.0,0.21558587211021144
g__GGB34228,0.0,0.0009764886318225156,0.0,0.03539877681899304
g__GGB34540,0.0,0.0006083927267258823,0.0,0.07628178076679784
g__GGB34797,0.0,0.17445486771455793,0.0,0.034003920303364236
g__GGB3510,0.0,0.006426286921261806,0.0,0.008955646280414974
g__GGB3537,0.0,0.009976872386487402,0.0,0.005835692469225328
g__GGB3570,0.0,0.022168428763533938,0.0,0.02070085941711277
g__GGB3612,0.0,0.032697443059143134,0.0,0.032616028510150406
g__GGB3619,0.0,0.004620048492319611,0.0,0.13897339802649672
g__GGB3653,0.0,0.1402461437742512,0.0,0.04700508043072302
g__GGB3746,0.0,0.1519321607079755,0.0,0.03299169925231368
g__GGB3886,0.08601725518406621,0.0,0.022688080843451964,0.0
g__GGB3887,0.21763934673400703,0.0,0.03218170997174161,0.0
g__GGB4538,0.039468513542428696,0.0,0.028278977995712266,0.0
g__GGB45432,0.0,0.02649780149739365,0.0,0.002191695681015971
g__GGB4571,0.0,0.0,0.0,0.061090371929379016
g__GGB4768,0.0,0.0028865218925255495,0.0,1.0084052137102932
g__GGB47687,0.0,0.057764318791735,0.0,0.8527373633230737
g__GGB4769,0.0,0.0034233519466502537,0.0,0.41664725624320376
g__GGB4964,1.1483601094104667,0.0,0.1870129941309951,0.0
g__GGB51647,0.0,0.7859694887592167,0.0,0.44890662641613654
g__GGB6518,0.0,0.0005867379969415022,0.0,0.19568729881193372
g__GGB6612,0.0,0.24791373487059792,0.0,2.1686826379587627
g__GGB77437,0.0,0.006478846643451192,0.0,0.0683986494270105
g__GGB79630,0.0,0.0011739925757957067,0.0,0.36881869015438173
g__GGB79734,0.0,0.11956540416217094,0.0,0.0929257734089914
g__GGB79977,0.038536574150579345,0.0,0.7331449997336184,0.0
g__GGB80011,0.0,0.8051883354726547,0.0,0.5090897632134654
g__GGB80140,0.0,0.014852406341908599,0.0,0.4383161120785113
g__GGB9062,0.0,0.0010612990854708337,0.0,0.1001902297852143
g__GGB9063,0.0,0.002620032060554889,0.0,0.16833618697532668
g__GGB9092,0.0,0.0,0.0,0.09747984343804346
g__GGB9101,0.0,0.0007696433144360243,0.0,0.027203039261165612
g__GGB9109,0.0,0.001117924741171909,0.0,0.514738555095903
g__GGB9110,0.0,0.00021248227101051557,0.0,0.10753405278878574
g__GGB9117,0.0,0.00026148609680252,0.0,0.13120691396293918
g__GGB9176,0.0,0.009248402510589391,0.0,0.7126307455209043
g__GGB9261,0.0,0.0013647383886027555,0.0,1.2450407770240115
g__GGB9293,0.0,0.01317993915630016,0.0,0.04445933430451016
g__GGB9296,0.0,0.004993065234797762,0.0,0.0702060306627032
g__GGB9302,0.0,0.01471978182519361,0.0,0.03938986386493843
g__GGB9342,0.0,0.12152551335448122,0.0,0.27817462943440047
g__GGB9345,0.0,0.07117756240511916,0.0,0.2400940376828015
g__GGB9453,0.0,0.06257349814362001,0.0,0.020657539237481124
g__GGB9522,0.0,0.023704179336807425,0.0,0.017483066671296833
g__GGB9524,0.0,0.07928527827469141,0.0,0.02846092118585332
g__GGB9559,0.0,0.02408006305221331,0.0,0.015488138848993848
g__GGB9602,0.0,0.03968324032360557,0.0,0.6756543099259242
g__GGB9608,0.0,0.02686083452410539,0.0,0.03015299552286811
g__GGB9614,0.0,0.02238072682884658,0.0,0.3321413061981749
g__GGB9616,0.0,0.008872136794770865,0.0,0.26196051022410155
g__GGB9618,0.0,0.00822614832623407,0.0,0.049519349547693714
g__GGB9619,0.0,0.020019579032703752,0.0,0.1356068353787564
g__GGB9621,0.0,0.02705824683234343,0.0,0.1121404092967984
g__GGB9627,0.0,0.08357171236952031,0.0,0.10207537573504209
g__GGB9634,0.0,0.08001371798783975,0.0,0.29617355943524226
g__GGB9635,0.0,0.23228031882128997,0.0,1.456120585855427
g__GGB9636,0.0,0.02394318812998161,0.0,0.2609275275766105
g__GGB9640,0.0,0.01924666560431044,0.0,0.02049021884224942
g__GGB9641,0.0,0.04521247868831933,0.0,0.003894964020949866
g__GGB9642,0.0,0.1275494877640578,0.0,0.01720236016826168
g__GGB9646,0.0,0.0031600369655748867,0.0,0.018688120490863134
g__GGB9677,0.0,0.0,0.0,0.1361234439376127
g__GGB9699,0.0,0.1387112938210962,0.0,0.18253135054393585
g__GGB9707,0.0,0.027648761344511292,0.0,0.2165898895247198
g__GGB9708,0.0,0.36369459826425893,0.0,1.0296166465425924
g__GGB9712,0.0,0.0017939150504599555,0.0,0.13710650418677792
g__GGB9713,0.0,0.19084877466414443,0.0,2.012753097532357
g__GGB9724,0.0,0.003980248541301507,0.0,0.015354507667653285
g__GGB9747,0.0,0.05362484675795737,0.0,0.40584013664612545
g__GGB9758,0.0,0.04649950020942912,0.0,2.0665169302171913
g__GGB9759,0.0,0.0086558705391286,0.0,0.04788765926344438
g__GGB9760,0.0,0.15862581698777023,0.0,0.31133236508915857
g__GGB9762,0.0,0.0389620068617837,0.0,0.18537887042446907
g__GGB9767,0.0,0.007232917278743683,0.0,0.06050765137204051
g__GGB9770,0.0,0.026617156297134858,0.0,0.025517933478111963
g__GGB9775,0.0,0.009027626663215268,0.0,0.06351470179151772
g__GGB9787,0.0,0.01277316115236624,0.0,0.007426697936466689
g__GGB9818,0.0,0.015196135315134413,0.0,0.10372953069039777
g__Gordonibacter,0.0,0.050086889872562455,0.0,0.003185616870298358
g__Granulicatella,1.2783333298643624,0.0,0.6330156507079405,0.0
g__Haemophilus,0.9747234856857064,0.023663076765339058,25.51361922371953,0.023369817124922965
g__Holdemanella,0.0,0.2907795505030432,0.0,0.01740404515432312
g__Holdemania,0.0,0.02129471780116125,0.0,0.007163839539140027
g__Hungatella,0.0,0.19154328985230712,0.0,0.001236780072058479
g__Hydrogenoanaerobacterium,0.0,0.03136003694651141,0.0,0.060028953348753335
g__Intestinibacter,0.0,0.11977059332500385,0.0,0.0012076010226388825
g__Isoptericola,1.0994047167798775,0.0,0.031054203872864405,0.0
g__Lachnoanaerobaculum,0.5708657487187242,0.0,0.08452242824905691,0.0
g__Lachnoclostridium,0.0,0.1606416913158324,0.0,0.0014430415385123206
g__Lachnospira,0.0,0.3990396840693888,0.0,0.16280583411858854
g__Lacrimispora,0.0,0.8490080482113952,0.0,0.13047645112329018
g__Lancefieldella,2.4850259172239055,0.0,0.16867766138508467,0.0
g__Lautropia,0.10908591522520285,0.0,0.632845934885038,0.0
g__Leptotrichia,0.6702784787646817,0.0,0.42341832460964257,0.0
g__Mediterraneibacter,0.0,4.89538316210433,0.0,0.14450415396716176
g__Megasphaera,1.954375371482958,0.0,0.20962411017572202,0.0
g__Methylobacterium,0.0,0.017181505870150597,0.0,0.05787405807401149
g__Mogibacterium,0.5031173279027339,0.0,0.02217590549700396,0.0
g__Neisseria,3.6016465968332616,0.0,3.511176058911526,0.0
g__Odoribacter,0.0,0.23632026325553007,0.0,0.5036092177556245
g__Oribacterium,0.3536346265072994,0.0,0.08686849631421989,0.0
g__Oscillibacter,0.0,0.465817358202882,0.0,1.924765693940243
g__Parabacteroides,0.0,1.6107040663199288,0.0,1.826860871915973
g__Paraprevotella,0.0,0.10614840774695783,0.0,0.3068535362581382
g__Parasutterella,0.0,0.3821507603660906,0.0,0.4705866593110342
g__Phascolarctobacterium,0.0,0.4758355208941442,0.0,0.13953551302746434
g__Phocaeicola,0.0,5.469332170832251,0.0,4.478676827824681
g__Porphyromonas,1.5538365490136945,0.0,2.3563060805226534,0.0
g__Prevotella,18.555939278747847,6.601473744483769,6.9189086268182765,3.5295831634927155
g__Pseudoflavonifractor,0.0,0.05599586622173604,0.0,0.02813773911456653
g__Rheinheimera,0.0,0.039612178554194445,0.0,0.024109362199282124
g__Romboutsia,0.0,0.039951874447789776,0.0,0.004346605024678645
g__Roseburia,0.0,3.132306289734738,0.0,1.1350399317084834
g__Rothia,7.125823992502764,0.0,3.321888969820272,0.0
g__Ruminococcus,0.0,3.4382729367139335,0.0,0.8948066538846481
g__Ruthenibacterium,0.0,0.19469171044818895,0.0,0.06659972152489492
g__Sanguibacter,0.0,0.1213898524223034,0.0,0.020103446799593156
g__Selenomonas,1.5222478891581612,0.0,0.15826784423529228,0.0
g__Senegalimassilia,0.0,0.082258576757285,0.0,0.007370846577082552
g__Slackia,0.0,0.07104002055916825,0.0,0.05780526470121858
g__Solobacterium,0.211094808001737,0.0,0.02922453259004737,0.0
g__Staphylococcus,0.0,0.018064115344686216,0.0,0.03286525703160222
g__Stomatobaculum,1.3708765574789348,0.0,0.22534669710666866,0.0
g__Streptococcus,21.870706868641815,1.6505761709745514,40.67797970945868,0.05785995125113386
g__Sutterella,0.0,0.7700630242311514,0.0,2.975911234816104
g__Tannerella,0.4343942837175801,0.0,0.0495053723160759,0.0
g__Veillonella,8.881370771792785,0.017927339281804452,4.7244721348257634,0.005448458189053086
g__Vescimonas,0.0,0.43558751748954505,0.0,0.4087216367694854
g__Victivallis,0.0,0.004628618055431666,0.0,0.6937846817839834
g__Waltera,0.0,0.1584092343386829,0.0,0.7226434827891589
