genus,O.C.–O.H.,F.C.–F.H.
g__Abiotrophia,-0.07802368137337173,0.0
g__Actinomyces,14.976015650969615,0.034952704786665255
g__Adlercreutzia,0.0,0.06463522276117806
g__Agathobaculum,0.0,0.4352076165893895
g__Aggregatibacter,-0.4180516368944569,0.0
g__Akkermansia,0.0,1.3356909038400588
g__Alistipes,0.0,-20.164442387761202
g__Alloprevotella,0.925010947041232,0.0
g__Anaerobutyricum,0.0,0.7936500480381187
g__Anaeromassilibacillus,0.0,-0.0005238642400130014
g__Anaerostipes,0.0,1.575002710959771
g__Anaerotignum,0.0,0.2095871340292544
g__Bacteroides,0.0,-2.7716864629319398
g__Barnesiella,0.0,-0.26081110688471887
g__Bifidobacterium,0.0,4.636191520581638
g__Bilophila,0.0,-0.13902545606221733
g__Bittarella,0.0,0.017746112562677135
g__Blautia,0.0,7.7716974080667285
g__Butyricicoccus,0.0,-0.0755968497179938
g__Butyricimonas,0.0,-0.11423044016135786
g__Campylobacter,0.28641392447691383,0.0
g__Candidatus_Borkfalkia,0.0,-0.12257134908844947
g__Candidatus_Cibionibacter,0.0,0.48582926922125336
g__Candidatus_Nanosynsacchari,-0.06877494103002818,0.0
g__Capnocytophaga,0.03741441263544215,0.0
g__Catonella,0.04274716073880404,0.0
g__Clostridium,0.0,1.0797907085269456
g__Collinsella,0.0,3.4151300672498786
g__Coprobacter,0.0,0.1200271180210944
g__Coprococcus,0.0,0.8813265371408644
g__Corynebacterium,-0.08939666629958376,0.0
g__Cutibacterium,-0.0779290597999746,0.0
g__Desulfovibrio,0.0,-0.16935715451543318
g__Dialister,0.0005536114702717476,0.7762519923462823
g__Dorea,0.0,2.30470265827617
g__Dysosmobacter,0.0,-1.557179137108358
g__Eggerthella,0.0,0.6468917567320107
g__Ellagibacter,0.0,0.01520570032698023
g__Enterocloster,0.0,0.8965241218475186
g__Erysipelatoclostridium,0.0,0.23149157548776678
g__Escherichia,0.0,0.9282691708405064
g__Eubacterium,0.0,0.5242873936590136
g__Faecalibacillus,0.0,0.17699063882585286
g__Faecalibacterium,0.0,2.0849524002380235
g__Faecalicatena,0.0,0.22500806747854946
g__Flavonifractor,0.0,0.716616572628657
g__Fusicatenibacter,0.0,1.9067705608064156
g__Fusobacterium,-0.9497389041514883,0.0
g__GGB10485,-1.291868132597125,0.0
g__GGB1088,-0.27562954274312285,0.0
g__GGB1144,0.946006086127179,0.0
g__GGB1202,0.1571894833147894,0.0
g__GGB12785,0.17670428355980858,0.0
g__GGB13493,0.0,-0.06046049466395526
g__GGB14025,0.0,-0.00963811518825601
g__GGB1420,0.0,-0.35031739451557997
g__GGB16040,0.0,-0.3102780736345481
g__GGB1843,-0.17324257981363092,0.0
g__GGB2653,0.0,0.034964371400179
g__GGB2998,0.0,-0.04626416866887359
g__GGB3033,0.0,-0.015026156450397385
g__GGB3109,0.0,0.006981266655479469
g__GGB3175,0.0,-0.8084856648626932
g__GGB3256,0.0,0.5448326783441462
g__GGB3304,0.0,-0.4526994542545234
g__GGB3321,0.0,-0.029864681774552565
g__GGB3345,0.0,-1.6237180143193446
g__GGB33469,0.0,-0.4916553868745295
g__GGB33512,0.0,-0.03008981752733062
g__GGB33928,0.0,-0.1912318184143856
g__GGB34228,0.0,-0.034422288187170524
g__GGB34540,0.0,-0.07567338804007195
g__GGB34797,0.0,0.14045094741119368
g__GGB3510,0.0,-0.0025293593591531674
g__GGB3537,0.0,0.0041411799172620745
g__GGB3570,0.0,0.001467569346421168
g__GGB3612,0.0,8.141454899272815e-05
g__GGB3619,0.0,-0.1343533495341771
g__GGB3653,0.0,0.09324106334352819
g__GGB3746,0.0,0.11894046145566181
g__GGB3886,0.06332917434061425,0.0
g__GGB3887,0.18545763676226543,0.0
g__GGB4538,0.01118953554671643,0.0
g__GGB45432,0.0,0.02430610581637768
g__GGB4571,0.0,-0.061090371929379016
g__GGB4768,0.0,-1.0055186918177677
g__GGB47687,0.0,-0.7949730445313387
g__GGB4769,0.0,-0.4132239042965535
g__GGB4964,0.9613471152794717,0.0
g__GGB51647,0.0,0.33706286234308014
g__GGB6518,0.0,-0.19510056081499222
g__GGB6612,0.0,-1.9207689030881647
g__GGB77437,0.0,-0.06191980278355931
g__GGB79630,0.0,-0.36764469757858603
g__GGB79734,0.0,0.026639630753179544
g__GGB79977,-0.694608425583039,0.0
g__GGB80011,0.0,0.29609857225918923
g__GGB80140,0.0,-0.4234637057366027
g__GGB9062,0.0,-0.09912893069974346
g__GGB9063,0.0,-0.1657161549147718
g__GGB9092,0.0,-0.09747984343804346
g__GGB9101,0.0,-0.02643339594672959
g__GGB9109,0.0,-0.5136206303547312
g__GGB9110,0.0,-0.10732157051777522
g__GGB9117,0.0,-0.13094542786613667
g__GGB9176,0.0,-0.703382343010315
g__GGB9261,0.0,-1.2436760386354087
g__GGB9293,0.0,-0.03127939514821
g__GGB9296,0.0,-0.06521296542790544
g__GGB9302,0.0,-0.02467008203974482
g__GGB9342,0.0,-0.15664911607991924
g__GGB9345,0.0,-0.16891647527768233
g__GGB9453,0.0,0.04191595890613889
g__GGB9522,0.0,0.006221112665510592
g__GGB9524,0.0,0.05082435708883809
g__GGB9559,0.0,0.008591924203219461
g__GGB9602,0.0,-0.6359710696023186
g__GGB9608,0.0,-0.003292160998762717
g__GGB9614,0.0,-0.3097605793693283
g__GGB9616,0.0,-0.25308837342933066
g__GGB9618,0.0,-0.041293201221459644
g__GGB9619,0.0,-0.11558725634605264
g__GGB9621,0.0,-0.08508216246445496
g__GGB9627,0.0,-0.018503663365521783
g__GGB9634,0.0,-0.21615984144740252
g__GGB9635,0.0,-1.223840267034137
g__GGB9636,0.0,-0.23698433944662886
g__GGB9640,0.0,-0.001243553237938979
g__GGB9641,0.0,0.041317514667369465
g__GGB9642,0.0,0.11034712759579612
g__GGB9646,0.0,-0.015528083525288247
g__GGB9677,0.0,-0.1361234439376127
g__GGB9699,0.0,-0.043820056722839645
g__GGB9707,0.0,-0.1889411281802085
g__GGB9708,0.0,-0.6659220482783335
g__GGB9712,0.0,-0.13531258913631797
g__GGB9713,0.0,-1.8219043228682124
g__GGB9724,0.0,-0.011374259126351777
g__GGB9747,0.0,-0.3522152898881681
g__GGB9758,0.0,-2.020017430007762
g__GGB9759,0.0,-0.039231788724315785
g__GGB9760,0.0,-0.15270654810138834
g__GGB9762,0.0,-0.14641686356268538
g__GGB9767,0.0,-0.05327473409329683
g__GGB9770,0.0,0.001099222819022895
g__GGB9775,0.0,-0.05448707512830245
g__GGB9787,0.0,0.00534646321589955
g__GGB9818,0.0,-0.08853339537526335
g__Gordonibacter,0.0,0.0469012730022641
g__Granulicatella,0.6453176791564219,0.0
g__Haemophilus,-24.538895738033823,0.00029325964041609226
g__Holdemanella,0.0,0.27337550534872007
g__Holdemania,0.0,0.014130878262021224
g__Hungatella,0.0,0.19030650978024863
g__Hydrogenoanaerobacterium,0.0,-0.028668916402241923
g__Intestinibacter,0.0,0.11856299230236497
g__Isoptericola,1.068350512907013,0.0
g__Lachnoanaerobaculum,0.4863433204696673,0.0
g__Lachnoclostridium,0.0,0.15919864977732007
g__Lachnospira,0.0,0.23623384995080024
g__Lacrimispora,0.0,0.718531597088105
g__Lancefieldella,2.316348255838821,0.0
g__Lautropia,-0.5237600196598352,0.0
g__Leptotrichia,0.24686015415503915,0.0
g__Mediterraneibacter,0.0,4.750879008137168
g__Megasphaera,1.7447512613072358,0.0
g__Methylobacterium,0.0,-0.04069255220386089
g__Mogibacterium,0.4809414224057299,0.0
g__Neisseria,0.09047053792173543,0.0
g__Odoribacter,0.0,-0.26728895450009443
g__Oribacterium,0.2667661301930795,0.0
g__Oscillibacter,0.0,-1.4589483357373612
g__Parabacteroides,0.0,-0.2161568055960441
g__Paraprevotella,0.0,-0.2007051285111804
g__Parasutterella,0.0,-0.08843589894494364
g__Phascolarctobacterium,0.0,0.3363000078666799
g__Phocaeicola,0.0,0.9906553430075702
g__Porphyromonas,-0.8024695315089589,0.0
g__Prevotella,11.637030651929571,3.0718905809910537
g__Pseudoflavonifractor,0.0,0.02785812710716951
g__Rheinheimera,0.0,0.015502816354912321
g__Romboutsia,0.0,0.03560526942311113
g__Roseburia,0.0,1.9972663580262544
g__Rothia,3.803935022682492,0.0
g__Ruminococcus,0.0,2.5434662828292853
g__Ruthenibacterium,0.0,0.12809198892329404
g__Sanguibacter,0.0,0.10128640562271024
g__Selenomonas,1.363980044922869,0.0
g__Senegalimassilia,0.0,0.07488773018020245
g__Slackia,0.0,0.01323475585794967
g__Solobacterium,0.18187027541168962,0.0
g__Staphylococcus,0.0,-0.014801141686916007
g__Stomatobaculum,1.1455298603722661,0.0
g__Streptococcus,-18.807272840816868,1.5927162197234175
g__Sutterella,0.0,-2.2058482105849526
g__Tannerella,0.3848889114015042,0.0
g__Veillonella,4.156898636967021,0.012478881092751366
g__Vescimonas,0.0,0.02686588072005963
g__Victivallis,0.0,-0.6891560637285518
g__Waltera,0.0,-0.564234248450476
