group1,group2,metric,n_pairs,mean_distance
Crohn-Oral,Crohn-Oral,bray,820,0.3895206874818921
Crohn-Oral,Crohn-Fecal,bray,1845,0.8837992583190059
Crohn-Oral,Healthy-Oral,bray,3034,0.6157905416517521
Crohn-Oral,Healthy-Fecal,bray,3321,0.9383883234800102
Crohn-Fecal,Crohn-Fecal,bray,990,0.7870311968294053
Crohn-Fecal,Healthy-Oral,bray,3330,0.9386840080533647
Crohn-Fecal,Healthy-Fecal,bray,3645,0.8990103370330439
Healthy-Oral,Healthy-Oral,bray,2701,0.40656417224780217
Healthy-Oral,Healthy-Fecal,bray,5994,0.9788961114165913
Healthy-Fecal,Healthy-Fecal,bray,3240,0.8576108523088563
Crohn-Oral,Crohn-Oral,jaccard,820,0.1315650406504065
Crohn-Oral,Crohn-Fecal,jaccard,1845,0.4875880758807588
Crohn-Oral,Healthy-Oral,jaccard,3034,0.1785212041309598
Crohn-Oral,Healthy-Fecal,jaccard,3321,0.6764578942085719
Crohn-Fecal,Crohn-Fecal,jaccard,990,0.5333164983164983
Crohn-Fecal,Healthy-Oral,jaccard,3330,0.4917917917917918
Crohn-Fecal,Healthy-Fecal,jaccard,3645,0.6564014631915867
Healthy-Oral,Healthy-Oral,jaccard,2701,0.18375293101320517
Healthy-Oral,Healthy-Fecal,jaccard,5994,0.6775303080858637
Healthy-Fecal,Healthy-Fecal,jaccard,3240,0.608945473251029
