recall,precision
1.0,0.5365853658536586
1.0,0.55
1.0,0.5641025641025641
1.0,0.5789473684210527
0.9545454545454546,0.5675675675675675
0.9090909090909091,0.5555555555555556
0.8636363636363636,0.5428571428571428
0.8181818181818182,0.5294117647058824
0.8181818181818182,0.5454545454545454
0.7727272727272727,0.53125
0.7727272727272727,0.5483870967741935
0.7727272727272727,0.5666666666666667
0.7272727272727273,0.5517241379310345
0.6818181818181818,0.5357142857142857
0.6363636363636364,0.5185185185185185
0.5909090909090909,0.5
0.5454545454545454,0.48
0.5454545454545454,0.5
0.5454545454545454,0.5217391304347826
0.5454545454545454,0.5454545454545454
0.5454545454545454,0.5714285714285714
0.5,0.55
0.5,0.5789473684210527
0.5,0.6111111111111112
0.5,0.6470588235294118
0.5,0.6875
0.45454545454545453,0.6666666666666666
0.4090909090909091,0.6428571428571429
0.36363636363636365,0.6153846153846154
0.3181818181818182,0.5833333333333334
0.2727272727272727,0.5454545454545454
0.2727272727272727,0.6
0.22727272727272727,0.5555555555555556
0.22727272727272727,0.625
0.22727272727272727,0.7142857142857143
0.18181818181818182,0.6666666666666666
0.18181818181818182,0.8
0.13636363636363635,0.75
0.13636363636363635,1.0
0.09090909090909091,1.0
0.045454545454545456,1.0
0.0,1.0
